anio,precio_promedio_venta_USD,promedio_valor_USD_anual,alimentos_bebidas_sin_alcohol,bebidas_alcoholicas_tabaco,prendas_de_vestir_calzado,alojamiento_agua_electricidad_gas_otroscomb,muebles_articulos_hogar,salud,transporte,comunicaciones,recreacion _cultura,educacion,restaurantes_hoteles,cuidado_personal,indice_ipc_general,importaciones_valor_usd,importaciones_volumen_kg,exportaciones_valor_usd,exportaciones_volumen_kg
2005,18.88,19.0,139.0,162.7,148.4,170.3,147.1,177.6,169.5,97.5,136.3,203.4,149.3,138.5,0.0,326275898.02,388978955.1,147681865.69,230954719.05
2005,18.95,19.0,140.9,163.1,149.1,170.9,147.7,178.2,171.7,97.7,136.3,226.9,150.4,139.7,0.0061517429938482415,326275898.02,388978955.1,158869536.61,174178863.53
2005,19.0,19.0,141.3,163.3,150.0,172.3,149.2,178.8,177.8,97.9,136.7,226.9,150.7,140.6,0.01025290498974707,399219982.49,515851569.26,198907087.99,298635816.82
2005,19.04,19.0,141.9,163.5,150.8,172.9,149.8,180.6,186.8,98.0,137.0,226.9,151.8,141.1,0.015037593984962405,403105207.07,537218976.35,189166859.32,333680941.45
2005,19.01,19.0,143.0,164.2,151.5,173.7,150.2,180.9,185.2,98.0,137.5,226.9,152.1,141.3,0.01708817498291182,409097031.21,566371667.69,194112717.8,256689290.04
2005,18.99,19.0,144.3,165.4,152.1,175.2,150.7,184.1,187.1,98.0,137.8,226.9,152.9,141.9,0.020847573479152448,407142975.14,496763290.71,178810027.06,221486523.4
2005,19.0,19.0,145.9,166.3,152.8,176.9,151.7,185.0,189.7,98.0,138.4,226.9,153.5,142.4,0.025632262474367673,417678761.13,596000318.37,147392157.6,157031042.0
2005,19.0,19.0,148.0,166.4,153.3,177.7,152.3,186.4,192.8,98.0,138.6,226.9,154.7,142.9,0.03007518796992481,405087060.58,381843200.74,121681677.99,144450708.16
2005,19.01,19.0,146.8,166.9,153.9,179.5,153.2,188.3,196.8,98.1,138.7,226.9,154.9,143.8,0.032125768967874224,413601855.02,446775539.9,141197854.85,185287369.45
2005,19.03,19.0,146.2,167.9,154.5,180.7,154.2,188.8,195.3,98.1,138.9,226.9,155.1,144.9,0.03246753246753242,432830923.06,501457508.19,133438794.92,149487971.7
2005,19.03,19.0,146.9,168.6,155.3,181.7,155.5,190.1,190.0,98.2,139.1,226.9,157.0,145.7,0.03349282296650713,399219138.81,392384254.42,136446128.85,172935328.1
2005,19.03,19.0,147.1,173.6,156.5,182.4,157.0,190.4,190.8,98.2,139.5,226.9,157.9,146.6,0.03588516746411474,474423847.51,580731350.81,144656361.51,157265409.09
2006,19.03,19.03,147.2,174.5,157.3,183.8,157.8,193.0,193.2,82.0,140.1,226.9,159.3,147.3,0.03793574846206427,418002484.92,516771028.98,174267286.59,227444506.88
2006,19.03,19.03,147.5,174.6,157.7,184.4,159.1,194.0,193.4,82.0,140.9,250.9,160.3,147.7,0.041695146958304896,365878256.94,386927744.84,179386553.82,293218139.13
2006,19.03,19.03,147.9,177.4,158.7,184.7,160.3,194.5,192.6,82.0,141.1,250.9,161.1,148.4,0.0430622009569378,430419526.42,529871650.95,206853983.02,237904330.5
2006,19.03,19.03,148.7,177.9,159.3,185.7,161.1,194.8,195.8,82.0,141.3,250.9,161.5,149.3,0.04613807245386192,420657437.98,528640990.59,152967853.31,170745601.68
2006,19.03,19.03,149.7,182.4,160.5,187.5,162.1,196.6,197.4,82.1,141.5,250.9,162.1,149.6,0.04989747095010255,480318713.29,526276559.4,226942719.11,251188239.46
2006,19.03,19.03,150.4,183.4,160.8,187.2,162.5,197.1,197.8,82.1,141.7,250.9,164.4,149.9,0.05160628844839377,510630115.96,580788116.44,195297405.77,206251701.96
2006,19.03,19.03,151.7,184.4,161.7,188.0,163.5,197.3,198.4,82.1,142.3,250.9,165.0,150.5,0.054682159945317776,478969188.59,738744515.96,179092600.09,233963144.53
2006,19.03,19.03,151.8,184.9,162.1,188.9,164.5,198.0,199.0,82.2,143.0,250.9,166.2,151.6,0.0567327409432673,496835275.69,562858225.46,162204641.91,187859659.1
2006,19.03,19.03,151.0,185.5,162.7,189.7,165.7,198.9,197.7,82.2,143.4,250.9,166.6,153.2,0.0567327409432673,465542284.58,523090719.55,141047251.53,165069215.63
2006,19.03,19.03,151.1,185.7,164.5,190.0,166.3,199.2,194.2,82.2,143.9,250.9,168.1,153.5,0.0574162679425837,523693047.63,581915171.23,153999756.88,176075735.61
2006,19.03,19.03,152.4,190.4,167.0,191.0,167.1,199.5,194.1,82.2,144.2,250.9,168.9,153.8,0.06049213943950793,529210418.72,531470548.77,183127808.55,204175539.62
2006,19.03,19.03,155.3,191.1,167.9,191.6,167.9,200.0,195.4,82.2,144.5,250.9,169.8,154.1,0.06527682843472327,522940931.25,564059239.69,141032395.8,158680188.22
2007,19.03,19.03,157.7,191.2,168.9,192.5,168.8,200.2,193.4,81.2,145.3,250.9,171.2,155.4,0.06903622693096378,469642603.54,475855213.06,196326842.62,211991160.44
2007,19.03,19.03,159.0,198.7,169.3,193.4,170.0,201.6,192.8,79.4,146.4,269.1,174.1,156.3,0.07416267942583732,513777844.41,637079287.5,190523030.94,265563939.27
2007,19.03,19.03,160.1,199.6,169.8,194.8,170.8,203.4,195.8,81.3,146.5,269.1,175.4,157.0,0.07860560492139435,590735651.54,619827362.83,229175678.3,257801238.49
2007,19.03,19.03,161.0,200.6,170.3,195.7,171.6,204.6,199.8,81.4,146.8,269.1,176.1,158.0,0.08202323991797678,547827225.14,541632947.09,193092033.89,305588289.88
2007,19.03,19.03,160.4,201.3,171.2,197.5,172.4,205.6,202.4,81.4,147.1,269.1,177.5,158.5,0.08441558441558439,615184021.91,610669258.72,251956012.12,325310536.43
2007,19.03,19.03,161.2,201.9,172.0,198.3,172.9,206.5,203.0,81.4,147.3,269.1,178.7,159.2,0.086807928913192,572093941.89,572940823.36,219834563.71,224611735.56
2007,19.03,19.03,163.5,202.0,172.8,198.9,174.5,210.1,203.6,75.4,147.6,269.1,179.3,160.1,0.09090909090909094,664652575.86,585555336.23,231680363.34,218802757.39
2007,19.03,19.03,165.1,202.0,173.6,200.2,175.5,210.7,203.4,75.4,147.9,269.1,182.1,160.8,0.09535201640464797,678841086.83,682990510.79,213616344.74,222380177.62
2007,19.03,19.03,165.9,202.0,174.2,201.1,176.8,211.1,204.3,75.4,148.1,269.1,182.2,161.3,0.09774436090225569,572037770.06,478354381.87,201841908.46,207098717.21
2007,19.03,19.03,169.9,202.0,174.9,203.7,178.5,211.9,205.3,75.5,148.7,269.1,183.2,162.9,0.10526315789473684,664291964.99,555414895.84,191903025.36,207048545.97
2007,19.03,19.03,176.7,202.0,175.4,204.2,180.1,212.7,211.5,75.5,149.4,269.1,184.8,164.0,0.11619958988380041,701527500.43,551938728.84,205405941.15,238972537.48
2007,19.03,19.03,176.6,202.7,176.7,205.1,180.8,212.9,208.4,75.5,149.7,269.1,187.7,165.6,0.11722488038277512,633746026.19,550072385.43,203629411.9,229066353.11
2008,19.03,19.03,177.3,202.7,177.4,207.9,182.3,214.1,209.2,74.1,150.7,269.1,189.9,167.0,0.12132604237867395,654412481.24,572650361.01,215129639.07,253355491.77
2008,19.03,19.03,179.0,203.0,178.2,209.3,184.4,216.9,210.6,74.1,151.7,287.1,191.8,168.3,0.1281613123718387,665553449.33,555563090.91,261829519.19,290436319.77
2008,19.03,19.03,181.7,203.2,178.8,210.1,187.1,217.3,213.5,74.1,152.3,287.1,193.1,168.8,0.13397129186602874,683055521.16,558472306.09,281791576.14,272412848.48
2008,19.04,19.03,185.0,203.3,179.6,210.7,188.9,217.9,216.5,74.2,153.1,287.1,195.6,170.7,0.1404647983595353,739145144.4,603868516.92,250499598.58,228772773.33
2008,19.05,19.03,189.1,212.8,181.1,216.0,190.9,218.3,222.2,74.2,153.5,287.1,198.2,171.9,0.15242652084757347,856788381.27,700384239.65,274103428.78,228135904.07
2008,19.03,19.03,193.2,214.8,181.8,217.2,192.6,218.6,227.1,74.2,153.7,287.1,200.4,174.3,0.16062884483937112,787122765.34,562350567.28,264328726.48,239830693.61
2008,19.03,19.03,198.9,218.8,182.8,219.9,195.5,219.0,241.5,74.2,154.5,287.1,201.9,176.6,0.17498291182501713,836555927.88,650817803.29,247927859.86,209073631.53
2008,19.03,19.03,200.5,219.9,183.2,221.0,197.7,221.8,248.8,74.2,155.1,287.1,203.8,178.0,0.18147641831852357,839308117.41,561607640.13,234072685.86,200720758.96
2008,19.03,19.03,199.5,221.5,183.5,222.3,199.2,222.9,248.1,74.2,155.5,287.1,206.8,180.2,0.18250170881749828,781344009.42,574106638.37,239402585.6,242441422.36
2008,19.03,19.03,201.7,222.3,184.8,224.0,202.6,224.2,242.8,74.2,155.7,287.1,208.5,182.4,0.1869446343130554,733768004.74,577520654.16,207927866.5,221411045.83
2008,19.03,19.03,204.5,222.4,185.7,223.6,205.2,224.8,223.7,74.2,156.5,287.1,210.6,184.3,0.1855775803144224,659221572.89,564964147.42,166131601.35,157101551.63
2008,19.03,19.03,206.4,222.8,186.2,223.7,206.2,225.0,215.0,72.6,156.6,287.1,211.9,185.6,0.1862611073137389,577198391.42,524222803.85,189839197.63,205068627.11
2009,19.03,19.03,205.2,223.0,187.4,224.5,207.2,225.8,211.4,72.6,158.1,287.1,213.2,188.1,0.1859193438140806,494994862.75,499711927.28,178155911.74,183615956.91
2009,19.03,19.03,204.4,223.8,189.3,226.0,209.2,227.2,215.3,72.8,158.9,308.2,216.0,189.4,0.19138755980861244,497572746.29,524734058.7,197616133.04,207239143.85
2009,19.03,19.03,202.8,223.9,189.7,225.0,213.0,231.7,215.8,72.8,159.2,308.2,218.7,190.2,0.19138755980861244,525582187.6,521232221.85,234902382.97,212156748.26
2009,19.03,19.03,201.0,228.8,191.1,226.7,214.4,236.8,218.2,72.8,159.5,308.2,221.7,190.6,0.19377990430622016,509568935.64,531916275.42,190224574.34,208771921.27
2009,19.03,19.03,199.8,229.2,191.9,227.1,215.5,237.2,219.8,72.8,159.6,308.2,222.1,191.5,0.19377990430622016,486558430.91,465942408.26,231731030.21,212626270.56
2009,19.03,19.03,199.7,229.3,192.5,229.5,216.5,238.3,224.3,72.8,160.0,308.2,222.9,192.3,0.19753930280246068,537146420.85,516078016.88,216885229.86,227289273.15
2009,19.03,19.03,200.3,229.5,193.5,234.0,218.1,239.1,226.4,72.9,160.2,308.2,223.5,193.3,0.20266575529733422,527545257.62,554157653.81,211131676.22,161654006.51
2009,19.03,19.03,199.0,230.6,194.7,235.2,219.7,239.7,226.8,72.9,160.6,308.2,223.5,194.9,0.20334928229665072,515164971.89,523076144.7,184958209.65,202533783.6
2009,19.03,19.03,197.7,231.1,195.1,236.8,221.2,240.1,227.8,72.9,160.7,308.2,224.1,196.0,0.20403280929596723,481558086.12,475117473.04,171927018.21,197700925.74
2009,19.03,19.03,197.3,231.4,195.7,238.7,221.9,241.2,226.9,72.9,161.2,308.2,225.5,197.2,0.20574162679425834,522843897.16,457112607.64,181880270.41,162446574.68
2009,19.03,19.03,196.8,231.4,196.3,240.1,222.3,241.6,229.7,72.9,161.0,308.2,225.8,197.5,0.20745044429254955,549976518.76,496263713.71,163086981.77,158843540.57
2009,19.03,19.03,195.7,232.1,196.5,240.6,222.8,241.8,230.0,72.9,161.0,308.2,226.5,198.2,0.20710868079289135,575225420.68,588513685.56,199452586.64,174268751.07
2010,19.03,19.03,196.2,234.0,197.4,244.0,223.6,241.9,232.1,72.9,161.3,308.2,227.2,198.5,0.21120984278879018,508140298.79,464366448.05,217171742.03,215002269.57
2010,19.03,19.03,197.4,234.2,197.8,245.4,224.7,242.9,233.1,72.9,161.4,330.1,227.9,199.0,0.21633629528366372,529687674.54,538642611.92,256124480.94,276361194.38
2010,19.03,19.03,199.0,234.7,198.1,246.2,225.7,243.4,234.6,73.0,161.6,330.1,228.8,199.5,0.21975393028024603,638308195.14,601211420.43,278079992.18,287883107.9
2010,19.03,19.03,200.1,235.2,198.7,247.6,226.5,243.7,237.2,73.0,161.8,330.1,229.6,200.4,0.22351332877648666,615189058.17,593364826.31,237557408.36,312323427.13
2010,19.03,19.03,199.9,240.1,199.1,248.6,226.8,244.0,237.8,73.1,162.2,330.1,230.2,201.5,0.22488038277511957,618704708.08,557880849.45,272493144.46,275149014.53
2010,19.03,19.03,202.4,241.9,199.2,249.4,227.0,244.6,235.6,73.1,162.9,330.1,232.3,201.6,0.2279562542720438,600908528.79,549483966.34,265937029.13,349703991.98
2010,19.03,19.03,204.0,242.4,199.4,252.0,227.7,245.4,236.7,73.1,163.3,330.1,233.3,202.3,0.23274094326725914,557667705.57,460657634.14,208795851.27,225069261.68
2010,19.03,19.03,204.2,243.7,199.9,255.9,228.1,246.1,237.7,63.6,163.5,330.1,235.1,202.6,0.23615857826384146,579003687.05,454677555.97,214075776.79,237327662.14
2010,19.03,19.03,205.3,243.7,200.6,260.2,229.3,247.2,236.9,63.6,163.8,330.1,235.4,203.2,0.24060150375939848,579219798.22,543068306.36,196520013.07,206356944.12
2010,19.03,19.03,209.6,243.8,201.6,261.0,230.3,250.1,238.9,63.6,164.2,330.1,236.2,203.8,0.24777853725222143,603880410.5,490333663.75,176675889.16,184058320.79
2010,19.03,19.03,213.7,244.3,202.0,261.6,230.9,250.8,241.1,63.6,164.6,330.1,236.3,204.7,0.254272043745728,654437287.29,476987106.07,206391834.12,200271307.03
2010,19.03,19.03,211.9,244.4,202.8,262.6,231.6,252.7,243.1,63.6,164.9,330.1,237.1,205.3,0.254272043745728,642532191.53,507190573.64,288987991.56,191902359.19
2011,19.03,19.05,211.4,244.5,204.0,265.2,232.4,253.0,246.5,63.8,165.8,330.1,237.3,206.9,0.2576896787423103,640904266.08,540467132.52,344772931.19,377348417.88
2011,19.03,19.05,211.2,244.6,204.6,266.5,234.3,253.5,248.7,63.8,166.5,355.2,241.3,207.7,0.26315789473684204,626938082.37,490536958.13,404085697.21,402852281.1
2011,19.03,19.05,213.1,246.6,205.2,267.7,236.0,254.4,253.6,63.8,166.9,355.2,243.2,209.1,0.2686261107313739,772797690.16,637047762.01,406128628.25,309196226.97
2011,19.03,19.05,214.3,250.0,206.3,271.3,236.4,255.7,268.0,63.8,167.3,355.2,244.1,209.5,0.27751196172248804,690646610.05,552411230.17,398098110.63,356356951.45
2011,19.03,19.05,215.0,250.0,207.3,273.0,237.8,256.3,273.7,63.8,167.6,355.2,245.9,210.1,0.2822966507177034,847676230.19,699785174.55,409655871.45,367952577.98
2011,19.03,19.05,216.6,250.7,208.1,274.4,239.4,258.1,270.8,63.8,167.7,355.2,248.1,210.6,0.2857142857142857,846841940.81,682433283.77,390464991.48,303080442.36
2011,19.0,19.05,219.9,250.8,208.7,275.2,240.5,259.0,271.7,64.0,168.1,355.2,249.3,211.2,0.29118250170881754,772081666.01,561335801.78,275317208.63,238794061.01
2011,18.98,19.05,220.1,250.9,209.2,277.9,241.7,259.4,273.8,64.0,168.6,355.2,249.9,211.5,0.29425837320574166,761667674.82,536556672.09,244101027.69,302319761.31
2011,19.06,19.05,218.3,251.1,209.7,277.9,242.7,260.0,273.2,64.0,168.9,355.2,250.1,212.0,0.29254955570745045,742282663.03,572368027.02,246924664.01,296823219.86
2011,19.13,19.05,217.5,251.9,210.4,279.2,243.4,260.4,271.8,64.3,169.3,355.2,251.6,212.8,0.29323308270676696,739991232.03,573391323.77,237694479.18,328161685.09
2011,19.12,19.05,218.1,253.0,211.2,279.1,244.4,260.9,276.2,64.3,169.7,355.2,252.2,213.4,0.2963089542036911,798021784.22,539865955.1,265418846.74,237246573.47
2011,19.14,19.05,218.4,253.5,212.0,280.6,245.1,261.0,274.9,64.4,169.8,355.2,252.5,213.8,0.297676008202324,776322923.21,538564695.7,337144274.81,391206158.16
2012,19.21,19.64,218.5,260.8,213.4,280.8,246.2,262.3,277.0,64.5,170.4,355.2,252.9,214.6,0.2993848257006152,740201542.92,577798881.63,352120164.69,337307117.34
2012,19.3,19.64,219.2,262.7,214.2,282.9,247.3,264.7,281.5,64.6,171.6,381.6,255.8,215.7,0.30724538619275454,765548338.29,565269509.35,425161512.59,481107217.74
2012,19.37,19.64,220.0,263.3,215.3,284.4,249.0,265.2,290.5,64.7,171.9,381.6,257.5,216.8,0.3133971291866029,882052513.68,682596914.92,499736320.39,524522348.64
2012,19.44,19.64,221.2,264.2,216.0,288.1,250.8,270.2,302.5,64.7,172.7,381.6,258.8,217.6,0.32262474367737526,750993287.61,636635287.54,391487574.16,394941449.44
2012,19.51,19.64,221.4,264.3,217.0,288.0,251.6,271.1,300.0,64.8,172.9,381.6,262.7,218.7,0.32365003417634997,817354048.19,664658513.53,410287346.67,474183821.19
2012,19.59,19.64,221.3,265.0,218.3,287.2,252.9,274.2,296.8,64.9,173.5,381.6,264.6,218.8,0.32365003417634997,741661705.34,593706092.18,391397924.05,423342503.39
2012,19.67,19.64,222.6,265.2,218.9,286.2,254.2,275.2,293.5,65.0,174.0,381.6,265.5,219.3,0.32433356117566636,750419523.26,591354340.42,379428155.32,383580267.96
2012,19.76,19.64,223.7,265.3,220.4,288.0,255.1,276.4,298.0,65.0,174.4,381.6,266.3,219.8,0.32946001367054,842432400.42,620278361.59,399827356.1,513051458.1
2012,19.83,19.64,224.9,265.3,221.6,291.4,256.2,277.0,304.9,65.1,174.8,381.6,266.5,220.1,0.33561175666438825,775699831.01,616074243.46,321422509.85,281768142.48
2012,19.91,19.64,225.8,265.3,223.3,293.2,256.6,277.8,306.8,65.2,175.1,381.6,267.4,220.7,0.3393711551606289,815855282.72,581938794.38,271397594.08,389094811.29
2012,19.99,19.64,226.6,265.4,223.9,294.0,257.3,279.8,301.4,65.3,175.3,381.6,269.9,221.4,0.3407382091592618,764670237.21,538911907.5,283712667.29,535354114.43
2012,20.07,19.64,226.7,265.4,224.8,294.8,258.3,280.7,299.9,65.5,175.8,381.6,270.3,222.6,0.3417634996582365,747793153.22,551776883.6,275781066.93,299461677.6
2013,20.14,20.5,227.3,267.7,227.6,295.6,260.3,281.4,303.1,65.6,176.6,381.6,271.5,224.2,0.3458646616541353,807423104.45,629575941.41,375358052.73,566251529.54
2013,20.22,20.5,230.2,269.2,228.2,297.8,261.5,282.6,307.8,65.7,178.0,403.1,272.6,224.7,0.3550922761449078,725899678.02,587623603.54,354303427.16,492863043.29
2013,20.28,20.5,231.3,271.5,228.9,300.0,262.5,283.6,311.8,65.7,178.4,403.1,274.1,225.4,0.359876965140123,679481467.18,549358089.89,372045637.17,513815727.07
2013,20.36,20.5,232.3,275.4,229.5,299.9,263.0,284.2,310.3,65.8,179.2,403.1,276.1,226.7,0.36192754613807254,795233890.31,715663053.67,354418452.71,533295601.88
2013,20.44,20.5,232.7,275.7,230.8,301.3,264.3,288.3,309.0,65.9,180.4,403.1,276.6,227.0,0.36431989063568015,784519327.35,580198960.99,352651072.22,644833250.54
2013,20.52,20.5,234.1,276.7,232.1,301.8,265.8,289.4,310.7,66.0,180.9,403.1,277.9,227.4,0.3680792891319207,687551064.39,522038551.23,319557358.4,389944006.17
2013,20.6,20.5,235.8,276.7,232.7,302.9,266.6,292.5,311.0,66.0,181.4,403.1,278.0,228.5,0.3718386876281613,804493499.33,663513891.03,304252861.23,512902241.14
2013,20.6,20.5,236.1,277.0,233.2,305.0,267.3,293.9,314.1,66.0,181.9,403.1,278.6,229.3,0.3752563226247436,767051131.45,575031229.0,278234537.85,411716574.36
2013,20.67,20.5,236.5,277.8,233.8,306.8,268.6,294.9,313.9,66.1,182.7,403.1,280.4,229.8,0.37799043062200965,733257843.45,574143341.31,280120196.03,429796759.55
2013,20.67,20.5,236.0,278.2,235.1,309.1,269.7,296.1,310.8,66.1,183.2,403.1,280.7,230.3,0.37901572112098436,797668300.19,658403830.03,270189968.54,498820631.36
2013,20.69,20.5,237.0,278.4,235.6,310.1,271.4,296.5,309.1,66.1,183.9,403.1,281.2,230.9,0.381408065618592,807095566.69,705427811.39,289189223.34,465178342.69
2013,20.74,20.5,237.9,279.0,236.6,311.3,271.9,296.8,310.7,66.1,184.4,403.1,281.3,231.3,0.3841421736158579,762604683.28,592480686.44,336116966.51,483955926.36
2014,20.77,21.13,241.5,286.7,244.2,313.4,275.8,299.2,317.5,66.4,188.8,403.1,286.5,236.0,0.3978127136021874,679607863.04,474415281.55,341038580.25,671104086.88
2014,20.82,21.13,242.4,289.3,246.4,313.9,277.5,300.8,320.1,68.5,189.9,438.3,288.0,238.2,0.40533151059466854,698405958.95,542477101.52,328221372.0,687824293.12
2014,20.88,21.13,243.4,293.6,247.5,316.1,280.5,302.3,322.8,68.6,190.6,438.3,290.8,239.9,0.41079972658920016,790382264.46,661230613.49,358654904.99,519725102.14
2014,20.92,21.13,244.6,295.0,248.5,317.2,281.4,303.7,323.2,68.6,191.0,438.3,292.8,241.4,0.4145591250854409,770482681.21,623096004.22,362298574.55,619606583.48
2014,20.97,21.13,247.6,298.0,249.4,317.4,282.3,304.5,324.5,68.7,191.6,438.3,293.3,242.9,0.41934381408065613,871634037.31,777806039.77,412379970.03,512938603.17
2014,21.07,21.13,249.5,300.0,250.5,318.2,283.3,306.4,325.9,69.1,192.1,438.3,293.7,244.4,0.42344497607655507,786817407.17,583540475.49,389380857.22,483812899.55
2014,21.11,21.13,253.5,302.3,251.4,319.3,284.6,307.6,328.4,69.2,192.9,438.3,293.9,245.9,0.4306220095693779,792188498.78,638257799.45,361387988.35,443568175.85
2014,21.2,21.13,253.1,306.8,253.3,320.1,286.1,312.1,326.0,69.3,193.6,438.3,294.3,248.3,0.43198906356801103,811572216.65,629980984.99,302723515.89,391419645.0
2014,21.32,21.13,252.7,310.2,254.1,320.5,287.4,312.3,325.7,69.4,194.7,438.3,295.3,248.9,0.4330143540669855,781544222.22,637800648.59,281092498.17,389131711.22
2014,21.44,21.13,254.2,312.3,254.7,321.0,288.3,312.5,325.7,69.5,194.9,438.3,296.5,249.5,0.43574846206425144,789716019.53,641240202.39,301221413.72,411398236.1
2014,21.51,21.13,258.2,316.3,255.2,320.5,289.3,313.9,320.5,69.6,195.6,438.3,296.9,250.0,0.43916609706083387,757947646.52,566229060.3,267746386.35,386450558.01
2014,21.63,21.13,255.1,317.5,255.8,322.9,290.1,314.1,315.2,69.8,196.1,438.3,298.7,250.4,0.43677375256322626,767967202.88,563441961.17,359104857.98,373577142.64
2015,21.76,22.1,253.8,320.5,258.3,321.6,290.9,315.7,306.2,69.9,196.5,438.3,299.1,251.1,0.4330143540669855,732430983.64,710333304.0,326913000.24,371891864.89
2015,21.93,22.1,255.1,323.8,259.8,320.7,292.3,319.0,307.4,70.1,198.1,474.7,299.6,252.4,0.43916609706083387,800369005.96,587351673.23,380644332.02,472003945.61
2015,21.99,22.1,256.5,326.5,260.9,323.7,294.3,320.1,312.8,70.2,199.0,474.7,300.1,253.0,0.4456596035543404,877410059.13,764054630.0,441789372.07,486677518.08
2015,22.09,22.1,256.2,328.1,262.2,324.4,296.1,323.6,313.9,70.3,199.6,474.7,301.3,254.5,0.44805194805194803,793381194.83,637725641.34,400969064.84,521020422.87
2015,22.09,22.1,256.9,328.5,262.6,325.9,297.5,325.1,318.0,70.4,200.2,474.7,303.0,255.5,0.45215311004784686,841224007.41,754103474.38,369043562.0,411130654.75
2015,22.08,22.1,258.2,329.3,263.8,328.2,298.3,326.0,321.7,70.4,200.5,474.7,305.4,256.3,0.4576213260423787,790832736.34,693896107.16,374862381.13,408016774.85
2015,22.07,22.1,260.0,330.8,264.3,328.1,299.1,326.6,323.3,70.4,201.0,474.7,305.9,257.9,0.46103896103896114,834302237.43,709330968.13,308486347.62,382868303.11
2015,22.13,22.1,260.1,335.6,265.5,328.0,299.7,328.1,320.3,70.5,201.5,474.7,306.9,258.7,0.4613807245386192,713778668.1,670796290.9,260689678.84,338468040.8
2015,22.1,22.1,260.1,337.0,266.4,326.0,300.5,328.4,314.8,70.4,201.8,474.7,307.8,259.2,0.4593301435406699,752558433.1,822788073.68,232497299.88,326318592.38
2015,22.19,22.1,260.5,337.2,267.2,326.1,301.1,329.4,312.8,70.5,202.1,474.7,308.5,260.1,0.4600136705399863,767999358.29,726770159.46,256491884.2,337311292.76
2015,22.3,22.1,258.3,339.1,268.3,326.3,301.9,330.6,312.4,70.6,202.3,474.7,311.5,260.6,0.4593301435406699,742708289.22,616315148.13,257350276.35,342804946.04
2015,22.45,22.1,257.5,339.1,269.1,326.6,302.5,332.1,311.7,70.7,202.4,474.7,313.1,260.8,0.4593301435406699,777292388.22,673250194.08,311589836.58,315093400.42
2016,22.61,22.99,259.7,345.6,270.3,325.2,303.4,334.4,311.5,70.9,202.7,474.7,314.4,262.0,0.46240601503759393,647269487.19,683935187.79,324287697.48,416633723.71
2016,22.75,22.99,260.3,347.6,272.1,325.4,304.8,336.5,310.9,71.0,204.2,505.5,315.0,262.8,0.46719070403280916,662115840.14,506220563.52,354840693.71,413615586.62
2016,22.78,22.99,260.4,348.8,272.6,325.9,305.5,337.6,312.7,71.0,205.1,505.5,317.6,263.6,0.469583048530417,719776096.22,830534432.25,353662466.4,502747191.99
2016,22.75,22.99,259.1,350.8,273.4,326.9,306.5,340.0,316.8,71.2,206.4,505.5,318.3,265.3,0.4716336295283663,734359700.79,788072269.85,386958499.43,529480506.46
2016,22.77,22.99,260.2,351.6,274.3,327.8,307.5,340.5,319.7,71.3,206.9,505.5,318.6,266.2,0.4750512645249487,731466124.54,749674260.68,366802698.76,472909428.99
2016,22.9,22.99,261.3,353.6,274.7,333.0,308.0,342.7,323.2,71.5,207.1,505.5,319.5,267.1,0.4815447710184554,759274686.32,756481697.58,360416875.7,387377221.66
2016,23.0,22.99,261.8,354.6,276.1,334.8,308.8,343.1,323.5,71.6,207.5,505.5,319.8,268.7,0.4846206425153793,738755517.72,724567283.35,292040332.09,253094368.29
2016,23.05,22.99,261.8,354.8,276.3,335.3,309.4,343.7,322.1,71.6,208.0,505.5,324.7,269.6,0.4859876965140123,797759636.58,703041610.56,317331418.46,315175171.69
2016,23.13,22.99,261.0,355.1,276.5,336.5,309.9,343.8,325.9,71.7,208.2,505.5,324.8,270.1,0.4876965140123034,800689904.47,846810253.9,248957135.99,367951840.07
2016,23.24,22.99,259.4,355.4,276.9,337.4,310.4,344.4,328.7,71.8,208.6,505.5,324.9,270.7,0.4876965140123034,741395589.71,691151116.51,261915147.46,324943472.43
2016,23.34,22.99,259.1,355.9,278.5,338.5,310.8,345.1,329.8,71.9,208.8,505.5,325.1,271.4,0.4890635680109364,798197735.9,753081655.53,308609851.95,335900700.36
2016,23.62,22.99,259.0,357.4,279.4,340.9,311.7,345.6,330.9,72.1,209.3,505.5,326.3,271.8,0.49179767600820246,781690472.27,685121253.23,331322525.58,376342391.54
2017,23.75,23.65,258.5,364.7,282.8,342.3,313.3,346.7,337.1,72.2,210.4,505.5,327.2,273.6,0.49624060150375937,708231537.87,601932099.79,392603437.35,437775716.65
2017,23.73,23.65,261.4,367.8,283.6,343.3,315.6,348.9,337.4,72.2,211.9,536.8,331.4,275.5,0.5051264524948736,742206471.6,760409610.35,422264276.08,464010021.04
2017,23.7,23.65,262.4,370.3,283.9,345.2,316.4,350.6,335.8,72.2,212.4,536.8,334.7,276.8,0.5085440874914559,813243794.39,789672272.6,431298972.26,453873445.11
2017,23.63,23.65,263.1,371.3,284.2,348.3,317.4,351.0,335.4,72.2,212.5,536.8,336.3,278.8,0.5123034859876966,720594077.27,701522985.64,417148881.23,432895893.74
2017,23.63,23.65,263.1,371.6,284.7,350.1,319.3,352.4,336.7,73.0,212.8,536.8,337.7,280.8,0.5153793574846207,846282595.19,867400320.23,463615678.04,370926402.49
2017,23.61,23.65,264.3,372.4,285.2,350.9,320.2,353.6,336.4,73.7,213.1,536.8,338.0,282.8,0.5181134654818865,843175900.41,794039121.23,420963271.9,334289408.64
2017,23.6,23.65,265.4,375.3,286.1,351.9,320.9,354.9,335.2,74.3,213.9,536.8,338.6,285.7,0.5211893369788106,783611210.4,763794370.37,385355853.17,313363600.14
2017,23.54,23.65,265.7,377.0,286.4,353.8,321.8,355.9,337.9,74.2,215.0,536.8,339.8,286.7,0.5246069719753931,849363075.78,769215205.88,339481033.7,340997395.04
2017,23.55,23.65,264.0,378.5,287.2,354.3,322.9,356.8,340.7,74.2,215.4,536.8,340.3,287.5,0.5246069719753931,870468778.53,887660144.45,313509944.91,379989734.87
2017,23.63,23.65,264.8,378.5,288.1,355.4,323.4,358.2,342.1,74.3,216.0,536.8,340.5,288.8,0.5276828434723172,824246545.95,616841303.55,289430165.58,356473798.61
2017,23.73,23.65,267.6,379.0,289.1,355.9,324.4,359.0,343.7,74.4,217.2,536.8,340.5,290.2,0.5328092959671907,891505556.05,795639332.89,319262516.5,363834636.0
2017,23.72,23.65,272.2,381.2,289.8,356.9,325.2,359.6,343.9,74.4,217.5,536.8,340.8,291.1,0.5396445659603556,790055012.27,710285000.88,347367659.59,400676379.38
2018,23.76,24.07,272.2,382.7,291.4,358.2,326.5,362.2,345.0,74.5,218.5,536.8,342.1,292.8,0.5427204374572795,833919385.49,742572304.83,400375717.94,475260071.12
2018,23.73,24.07,273.0,386.5,292.5,359.1,327.9,364.1,346.2,74.6,221.5,575.4,343.9,293.4,0.5495557074504444,745642729.27,633474511.86,429692322.35,487886199.26
2018,23.78,24.07,273.4,387.2,293.6,360.9,329.5,367.3,347.6,74.7,222.5,575.4,344.8,295.8,0.5533151059466849,833699790.1,753317610.07,417576554.69,553906032.89
2018,23.82,24.07,273.5,388.7,293.8,361.5,331.3,369.5,349.6,74.7,223.5,575.4,345.2,296.5,0.5557074504442926,891705310.64,794768475.1,393884855.47,426719368.63
2018,23.97,24.07,272.0,389.8,294.6,362.8,332.6,370.9,352.4,74.9,223.7,575.4,345.3,297.3,0.5566302118933698,973885382.49,930539564.44,407081529.13,477653716.57
2018,24.12,24.07,273.0,390.1,295.3,364.8,333.8,372.2,355.0,75.0,223.9,575.4,346.8,298.4,0.5611756664388242,914580383.17,862808944.61,378127176.54,406982057.88
2018,24.15,24.07,274.0,390.7,296.2,366.4,335.4,373.5,354.8,75.1,224.7,575.4,349.0,300.6,0.5652768284347233,920328245.08,794717039.18,359652660.38,349752934.29
2018,24.17,24.07,273.8,391.0,298.6,367.1,337.0,374.6,362.9,75.5,225.5,575.4,350.1,302.0,0.5700615174299385,968914355.44,852443512.44,358906209.77,396743603.96
2018,24.21,24.07,273.0,392.8,299.3,368.1,338.3,375.9,360.8,75.6,226.0,575.4,351.7,303.8,0.5704032809295968,900696931.09,747795027.69,285648262.72,308583812.97
2018,24.24,24.07,273.9,396.0,301.2,372.9,338.6,378.1,362.9,75.7,227.0,575.4,352.6,304.6,0.5765550239234448,874728534.59,803848452.43,294386534.91,446865183.06
2018,24.39,24.07,276.3,399.4,303.3,374.7,340.4,379.8,363.3,75.8,227.7,575.4,354.3,305.2,0.582365003417635,976672716.01,902728904.82,300056290.06,337356668.96
2018,24.5,24.07,276.2,399.9,305.3,376.0,341.1,380.8,363.6,76.0,228.0,575.4,354.8,305.8,0.5844155844155844,889645128.01,861849117.7,307960994.19,338023692.7
2019,24.51,24.68,275.3,403.5,306.2,378.6,341.6,382.0,358.5,76.0,228.7,575.4,355.2,307.2,0.5847573479152427,846012799.91,768791851.55,363148382.55,435161326.43
2019,24.55,24.68,276.5,406.5,307.0,380.1,343.7,386.3,362.3,76.1,230.6,612.0,355.7,308.9,0.5933014354066987,822737519.38,758354591.48,374428074.17,454485834.93
2019,24.59,24.68,276.8,408.2,309.0,382.1,346.2,387.5,364.1,76.1,231.9,612.0,357.8,309.9,0.5977443609022558,876069436.95,757418381.72,406563765.33,478790700.15
2019,24.6,24.68,278.1,408.7,310.2,389.1,348.9,387.9,372.1,76.2,232.4,612.0,358.1,313.4,0.6079972658920029,861217207.99,853143100.45,386564802.55,538489815.57
2019,24.63,24.68,278.8,409.6,311.8,391.3,349.8,388.8,375.5,76.2,233.0,612.0,358.5,314.5,0.6120984278879017,907371828.48,902248573.99,414653138.33,494474591.0
2019,24.68,24.68,280.5,410.7,312.2,391.9,350.6,390.3,368.5,76.3,233.6,612.0,358.7,315.4,0.6131237183868764,791779446.19,772252391.53,366915482.94,399758413.44
2019,24.67,24.68,281.6,410.7,312.9,392.8,351.1,392.5,369.0,76.3,234.1,612.0,359.2,317.6,0.6161995898838003,887421965.61,790428376.09,357779016.9,439423721.99
2019,24.71,24.68,280.1,410.9,313.3,393.9,351.5,395.9,370.1,76.3,234.3,612.0,360.6,318.7,0.6168831168831169,883024581.22,951294667.19,327376523.61,478385333.86
2019,24.78,24.68,280.0,412.8,313.6,395.4,352.4,398.9,369.0,76.4,234.6,612.0,362.0,319.4,0.618591934381408,828955142.06,663397194.7,304432815.88,290547420.91
2019,24.81,24.68,280.9,413.2,314.0,394.8,352.9,402.2,371.6,76.7,235.2,612.0,362.7,320.2,0.6213260423786738,925833571.19,1026537112.03,260056381.89,411296560.82
2019,24.81,24.68,282.4,415.8,315.2,395.0,353.7,402.8,373.2,76.8,235.6,612.0,364.4,320.8,0.6247436773752563,852369438.92,680579281.38,300462524.25,332284717.35
2019,24.82,24.68,284.5,418.2,316.1,395.4,354.7,406.4,375.5,76.8,236.0,612.0,365.2,321.2,0.6295283663704715,871383758.88,926961626.09,370580135.43,490573436.33
2020,24.82,24.75,284.8,426.1,317.2,396.4,355.9,410.6,374.8,76.9,238.4,612.0,366.4,322.1,0.6322624743677375,867787464.77,905027554.23,412040490.26,400417143.36
2020,24.84,24.75,284.8,431.1,317.6,396.5,356.6,411.0,370.7,76.9,239.7,669.6,367.3,322.5,0.6377306903622694,794409595.53,787339876.67,401273639.59,493741245.42
2020,24.89,24.75,288.0,433.5,317.7,396.2,357.9,413.7,367.7,76.9,240.2,669.6,368.1,323.1,0.6411483253588518,721577713.79,820149829.56,405056545.65,522903055.08
2020,24.98,24.75,296.1,433.5,317.7,394.7,359.5,418.1,352.3,77.0,240.6,669.6,368.3,323.7,0.6455912508544087,606301325.65,761021842.06,359671675.98,508534183.93
2020,25.0,24.75,293.8,435.3,317.7,386.4,360.5,419.9,350.8,77.0,240.6,669.6,368.3,324.0,0.6380724538619275,583347451.78,772988661.67,361459166.56,350616950.78
2020,24.95,24.75,295.5,435.3,318.0,387.3,361.6,423.9,356.6,77.0,240.9,669.6,368.6,324.6,0.643198906356801,686240494.8,730311214.12,377432442.09,594280743.7
2020,24.85,24.75,300.7,438.8,318.0,386.6,363.5,425.2,363.3,76.9,241.2,669.6,368.7,325.4,0.6514012303485989,687226901.45,670053808.24,331452367.26,400023082.44
2020,24.71,24.75,297.4,439.8,319.2,387.7,365.0,432.8,372.5,76.8,242.1,669.6,369.7,326.5,0.6534518113465481,738869077.94,913123263.14,309467658.95,503368277.37
2020,24.65,24.75,292.9,440.1,319.7,389.3,369.2,434.5,387.7,76.8,242.9,669.6,371.6,327.7,0.6572112098427888,744406920.88,751001662.55,347400853.86,965659286.85
2020,24.57,24.75,290.22,440.31,322.34,391.62,377.13,444.91,393.27,76.75,244.72,669.6,374.08,328.83,0.6631578947368421,848147491.21,972985899.93,340713262.05,435381620.6
2020,24.46,24.75,292.6,440.3,323.0,393.1,379.0,449.8,392.6,76.6,246.2,669.6,374.6,329.7,0.6684894053315106,749303313.02,727001802.87,272069234.21,351814697.93
2020,24.32,24.75,295.9,440.6,325.5,393.7,380.6,450.9,399.7,76.5,246.9,669.6,375.9,330.1,0.6756664388243335,930101625.8,905110223.13,340820048.46,310261967.03
2021,24.27,24.18,295.3,440.9,327.1,398.1,383.2,451.7,402.0,76.5,248.5,669.6,377.3,332.6,0.680451127819549,827905165.75,755312814.98,353560114.95,415868580.5
2021,24.24,24.18,296.4,443.6,327.5,399.5,385.1,458.6,389.9,76.5,249.8,684.7,377.7,333.9,0.6825017088174982,929453109.85,905573041.05,402235365.73,399950298.19
2021,24.2,24.18,297.5,446.1,328.5,400.9,387.5,462.0,392.8,76.4,250.8,684.7,378.4,334.2,0.6869446343130553,1077491993.07,959554730.19,470514807.23,504040478.46
2021,24.18,24.18,298.1,447.2,329.7,401.8,389.5,463.0,398.5,76.4,252.1,684.7,379.3,334.8,0.6917293233082707,1001865729.1,839937562.84,455346954.94,529335211.47
2021,24.17,24.18,298.1,447.4,330.1,402.9,390.8,464.3,401.7,76.5,252.9,684.7,379.9,335.1,0.6941216678058783,1144818566.8,1124688828.64,484330677.52,447669972.47
2021,24.13,24.18,298.4,447.4,330.3,403.9,392.9,465.3,403.5,76.5,253.8,684.7,383.9,335.5,0.6975393028024607,1150436567.6,1010855259.43,469980888.56,478604975.93
2021,23.93,24.18,299.3,447.6,333.6,404.7,394.9,466.0,402.2,76.4,255.8,684.7,385.7,336.7,0.7012987012987012,1122553181.61,1044157342.74,474715263.29,426882723.37
2021,23.93,24.18,300.4,447.9,338.4,405.7,399.3,466.4,401.2,76.4,260.6,684.7,386.6,337.4,0.7060833902939166,1207310121.84,1022835610.59,424945770.41,362872726.69
2021,24.23,24.18,301.9,449.0,341.6,407.1,401.8,467.9,402.1,76.7,262.9,684.7,387.9,338.6,0.7115516062884483,1199065986.46,922779706.1,418591852.87,494054009.18
2021,24.26,24.18,304.1,450.0,343.1,408.7,405.2,468.9,406.2,76.8,265.8,684.7,388.0,339.6,0.7180451127819548,1227957664.27,943640923.88,379484845.9,336318134.07
2021,24.28,24.18,309.3,452.0,345.0,410.4,408.9,469.5,406.5,76.9,267.1,684.7,390.1,340.7,0.7272727272727272,1318905513.99,1019841368.07,389619766.52,518898612.97
2021,24.41,24.18,315.9,452.8,346.4,411.0,411.8,471.9,411.4,77.1,268.1,684.7,392.8,343.1,0.7392344497607656,1264460244.9,1089334894.37,457237304.55,324171086.77
2022,24.6,24.64,317.5,457.2,349.2,430.3,414.9,473.4,404.8,77.3,269.2,684.7,397.3,346.8,0.7546138072453862,1169765151.62,837938404.63,482488378.48,553458251.47
2022,24.66,24.64,320.3,459.1,350.0,413.1,424.7,477.0,409.2,77.4,272.6,744.2,402.2,348.9,0.7590567327409433,1178818582.73,888312700.91,494171739.01,634032994.46
2022,24.55,24.64,324.4,471.8,353.2,415.7,430.0,480.7,413.5,77.3,277.6,744.2,404.5,350.9,0.7710184552289815,1510885097.26,1194211684.03,662177737.58,413544360.44
2022,24.51,24.64,329.2,473.5,354.8,420.3,434.5,481.4,445.9,77.3,278.9,744.2,409.6,353.3,0.7928913192071086,1268608555.69,886341828.59,572036933.61,554626140.53
2022,24.55,24.64,335.5,474.6,356.3,422.7,437.8,482.9,449.8,77.3,280.4,744.2,411.7,355.4,0.8045112781954887,1431502201.4,928224229.35,589956116.19,651326077.45
2022,24.56,24.64,342.3,477.1,358.7,423.3,440.7,483.9,466.6,77.3,281.0,744.2,420.1,358.1,0.8219412166780588,1565779064.39,1128161746.73,639081597.53,777850449.62
2022,24.6,24.64,348.7,478.4,360.3,425.0,442.8,485.1,469.4,77.3,283.9,744.2,423.5,363.8,0.8339029391660969,1271980392.41,853949190.83,508013721.62,677175035.36
2022,24.58,24.64,351.2,483.1,361.5,424.4,444.6,486.4,452.7,77.3,284.7,744.2,425.0,366.7,0.8335611756664388,1470548308.89,892508122.5,507072753.94,752595132.43
2022,24.71,24.64,350.9,484.7,364.1,426.0,447.0,487.5,445.9,77.4,288.1,744.2,427.5,368.1,0.8352699931647302,1447080702.66,1161202901.84,466008658.81,539576707.12
2022,24.8,24.64,355.5,486.7,365.2,427.4,448.6,489.8,448.6,77.5,289.8,744.2,429.2,371.9,0.844155844155844,1322943117.3,877203284.2,398286490.43,563991379.5
2022,24.79,24.64,362.7,487.6,366.3,429.0,450.3,492.8,455.3,77.5,290.4,744.2,432.6,374.1,0.8574846206425154,1344688884.03,873816861.81,426485585.25,320975096.3
2022,24.73,24.64,365.7,488.4,367.6,428.9,451.6,495.2,451.7,77.5,291.9,744.2,437.8,376.2,0.8626110731373889,1331036675.14,1043447603.51,370422699.69,427191708.33
2023,24.71,24.72,368.8,490.5,370.1,427.6,454.3,502.6,447.7,77.5,293.2,744.2,443.7,378.2,0.8684210526315789,1283963929.83,961159061.43,501846032.31,666157459.88
2023,24.68,24.72,374.4,496.3,371.2,429.5,457.0,503.6,451.4,77.5,296.0,804.1,446.4,380.7,0.8844839371155161,1190914808.62,922716365.94,515509696.24,608951993.3
2023,24.7,24.72,375.5,502.7,372.9,430.4,458.7,506.7,448.3,77.5,297.3,804.1,447.8,383.1,0.8879015721120983,1361309152.95,910597006.53,583284036.08,866889630.1
2023,24.69,24.72,375.5,507.3,374.1,429.8,459.7,509.0,451.7,77.5,298.3,804.1,448.9,388.0,0.8906356801093643,1245465869.57,1034963047.99,596092507.55,643847498.74
2023,24.68,24.72,374.7,507.5,374.9,430.8,460.4,511.5,450.3,77.5,299.6,804.1,449.7,389.9,0.891660970608339,1419336313.93,1145220439.88,643526236.79,785571756.22
2023,24.72,24.72,376.9,511.5,376.4,433.1,462.1,512.7,448.0,77.5,299.9,804.1,451.8,392.1,0.8971291866028707,1321511431.59,1103947917.79,550336568.57,650827928.45
2023,24.71,24.72,379.6,512.3,378.5,433.2,463.8,515.7,450.0,77.5,302.7,804.1,454.8,393.8,0.9036226930963774,1393427466.86,1135745506.64,478579016.72,724360012.3
2023,24.71,24.72,380.2,513.1,379.4,435.1,464.9,522.7,459.6,77.5,303.0,804.1,457.9,394.9,0.9107997265892002,1453908650.95,1200471106.36,542990268.18,639091734.36
2023,24.75,24.72,382.4,514.6,380.7,437.9,466.7,524.3,464.0,77.5,304.9,804.1,461.6,395.3,0.9183185235816814,1344574430.75,924032867.45,387979915.49,567675313.88
2023,24.78,24.72,385.0,516.5,382.0,438.9,467.9,527.2,464.3,77.5,305.7,804.1,464.0,395.5,0.9237867395762133,1307568437.25,878845139.81,373655091.24,715079354.88
2023,24.8,24.72,387.6,516.6,383.0,440.5,469.6,527.7,458.2,77.6,305.8,804.1,465.3,396.3,0.9268626110731374,1471844217.58,1139879576.43,391441443.76,559465054.21
2023,24.77,24.72,391.8,516.8,384.4,440.9,470.5,530.6,459.5,77.7,306.8,804.1,468.2,397.1,0.9343814080656186,1246356016.65,959258615.71,385724957.05,676473370.51
2024,24.77,24.92,391.3,518.3,386.7,442.7,472.5,533.4,458.4,77.7,308.6,804.1,471.0,401.6,0.9377990430622011,1280356486.62,1005361878.82,452991724.09,682958732.41
2024,24.79,24.92,390.9,521.2,388.6,444.4,474.0,535.9,455.0,78.0,310.8,885.4,474.8,403.3,0.9477101845522898,1214070898.69,1007468797.57,526808183.27,658340715.7
2024,24.8,24.92,392.7,524.1,389.9,446.3,475.9,536.2,462.6,78.0,312.5,885.4,477.0,404.8,0.9548872180451128,1285114216.58,1077373715.59,496099539.53,678408266.34
2024,24.79,24.92,393.1,529.5,390.9,448.3,478.0,538.7,462.1,78.1,313.2,885.4,478.2,408.3,0.9589883800410116,1480451631.27,1201507346.14,562063096.28,674425189.03
2024,24.82,24.92,391.6,530.3,392.3,450.4,480.2,540.9,462.7,78.1,313.9,885.4,481.5,410.3,0.9613807245386193,1453518406.01,1182096763.18,601537037.83,500988290.37
2024,24.83,24.92,393.2,531.0,394.6,453.5,483.0,543.2,459.8,78.2,314.1,885.4,482.9,411.1,0.9661654135338346,1299384044.36,1098021742.78,469159405.79,435093573.33
2024,24.87,24.92,398.9,533.0,395.9,454.7,484.5,543.5,463.4,78.2,315.3,885.4,484.2,411.3,0.9757347915242652,1433544965.38,1126869214.41,474814343.63,359880203.55
2024,24.88,24.92,402.9,537.5,396.5,456.9,486.7,544.5,460.3,78.2,315.8,885.4,486.6,412.1,0.9822282980177718,1395154478.89,1108842725.94,430098202.83,356187445.83
2024,24.91,24.92,399.3,538.3,397.3,458.4,488.3,558.3,461.6,78.3,316.2,885.4,489.0,412.4,0.9829118250170882,1369180166.89,1059065428.12,466325388.27,501057472.75
2024,25.02,24.92,395.4,538.3,397.8,460.2,489.5,561.7,464.7,78.4,317.0,885.4,492.0,412.8,0.9822282980177718,1351391753.2,1137444740.55,410986733.27,446648275.11
2024,25.2,24.92,395.3,540.5,398.4,461.5,490.2,562.1,464.2,78.5,317.4,885.4,493.9,413.5,0.9839371155160629,1409053830.31,1072925295.25,376451470.22,306785591.49
2024,25.42,24.92,397.6,543.5,399.2,462.7,491.0,564.7,468.3,78.7,317.6,885.4,495.0,418.1,0.9907723855092277,1409053830.31,1072925295.25,376451470.22,306785591.49
2025,25.58,25.58,400.8,544.7,400.4,462.8,495.5,565.4,472.5,78.9,318.9,885.4,500.6,425.0,1.0,1409053830.31,1072925295.25,376451470.22,306785591.49
