anio,mes,precio_promedio_venta_USD,promedio_valor_USD_anual,alimentos_bebidas_sin_alcohol,bebidas_alcoholicas_tabaco,prendas_de_vestir_calzado,alojamiento_agua_electricidad_gas_otroscomb,muebles_articulos_hogar,salud,transporte,comunicaciones,recreacion _cultura,educacion,restaurantes_hoteles,cuidado_personal,indice_ipc_general,importaciones_valor_usd,importaciones_volumen_kg,exportaciones_valor_usd,exportaciones_volumen_kg
1991,Enero,,,23.82,23.15,26.14,24.62,39.65,18.53,20.89,68.38,17.08,18.39,16.69,27.35,24.09,,,,
1991,Febrero,,,24.99,24.79,27.11,24.93,40.17,20.12,22.16,34.33,17.84,22.05,18.37,27.86,24.88,,,,
1991,Marzo,,,25.45,27.02,27.97,25.11,40.58,20.22,20.31,35.18,17.84,22.05,18.37,28.10,25.21,,,,
1991,Abril,,,25.89,26.97,28.81,26.25,42.23,20.52,20.39,70.55,18.17,22.05,18.37,28.49,26.04,,,,
1991,Mayo,,,26.60,27.33,29.34,26.39,42.46,20.97,20.54,36.76,19.23,22.05,19.45,28.47,26.34,,,,
1991,Junio,,,27.53,27.40,29.17,26.65,42.55,20.98,20.54,36.76,19.91,22.05,19.45,28.63,26.81,,,,
1991,Julio,,,28.50,27.39,29.12,26.66,41.76,21.40,20.54,36.83,19.91,22.05,19.45,28.86,27.23,,,,
1991,Agosto,,,29.05,28.26,29.36,26.68,41.48,21.94,20.60,37.18,20.64,22.05,21.90,29.02,27.57,,,,
1991,Septiembre,,,28.68,28.31,29.52,26.76,41.37,22.13,20.60,37.29,20.64,22.05,21.90,29.23,27.46,,,,
1991,Octubre,,,28.65,29.93,29.75,27.47,43.06,22.18,20.60,37.60,20.64,22.05,21.90,29.74,27.73,,,,
1991,Noviembre,,,28.70,30.06,30.14,27.63,43.80,22.55,20.87,38.02,22.38,22.05,22.86,30.02,27.96,,,,
1991,Diciembre,,,28.67,30.06,30.42,27.78,44.43,22.41,20.87,16.50,22.39,22.05,22.86,29.91,28.03,,,,
1992,Enero,,,28.68,30.08,30.77,27.79,43.32,22.56,20.66,15.78,22.53,22.05,22.86,30.20,28.07,,,,
1992,Febrero,,,29.11,30.27,31.08,27.87,44.44,22.76,21.07,15.92,22.63,23.66,23.70,30.54,28.38,,,,
1992,Marzo,,,28.48,30.30,31.55,27.88,44.81,22.82,21.07,15.96,22.63,23.66,23.72,30.70,28.45,,,,
1992,Abril,,,28.61,30.22,31.84,28.41,44.91,22.84,21.07,15.97,24.33,23.66,23.72,30.51,28.74,,,,
1992,Mayo,,,29.40,32.41,31.72,28.48,44.67,23.14,21.14,16.19,24.05,23.66,24.69,30.46,28.85,,,,
1992,Junio,,,28.71,32.49,31.91,28.52,44.80,23.23,21.98,16.25,23.91,23.66,24.69,30.47,28.87,,,,
1992,Julio,,,28.90,32.44,32.04,28.52,45.16,23.33,21.98,16.32,23.91,23.66,24.69,30.43,28.98,,,,
1992,Agosto,,,29.04,32.40,32.16,28.62,45.27,23.35,22.09,16.34,23.92,23.66,24.69,30.57,29.09,,,,
1992,Septiembre,,,28.87,32.39,32.26,28.79,45.20,23.79,22.09,16.64,23.92,23.66,24.69,30.73,29.10,,,,
1992,Octubre,,,28.94,32.44,32.52,29.20,44.84,23.89,22.09,16.71,24.00,23.66,24.69,30.52,29.25,,,,
1992,Noviembre,,,29.39,33.39,32.65,29.45,45.26,24.15,22.18,16.89,24.29,23.66,25.77,30.75,29.58,,,,
1992,Diciembre,,,29.96,33.39,33.02,29.43,45.36,24.16,21.75,16.90,24.29,23.66,25.77,30.93,29.86,,,,
1993,Enero,,,30.00,33.45,33.25,29.74,45.27,24.86,21.75,18.13,24.37,23.66,25.77,31.02,30.02,,,,
1993,Febrero,,,30.05,33.55,33.68,30.25,45.69,25.02,21.82,18.32,24.44,26.77,26.55,30.44,30.30,,,,
1993,Marzo,,,30.32,34.10,33.82,30.45,46.05,24.95,22.09,18.35,24.71,26.77,26.55,30.65,30.51,,,,
1993,Abril,,,31.03,34.08,33.85,31.06,46.11,24.91,22.47,18.48,27.01,26.77,26.55,30.90,31.12,,,,
1993,Mayo,,,31.35,34.21,33.95,31.20,46.56,25.20,23.15,18.53,27.58,26.77,26.59,31.01,31.39,,,,
1993,Junio,,,32.44,34.21,34.00,31.05,47.18,25.26,23.15,18.48,27.58,26.77,26.59,31.52,31.85,,,,
1993,Julio,,,34.47,34.23,34.25,31.14,47.47,25.76,23.15,18.56,27.58,26.77,26.59,31.80,32.81,,,,
1993,Agosto,,,34.62,34.25,34.60,31.66,47.48,27.53,23.67,18.67,27.81,26.77,28.96,32.39,33.17,,,,
1993,Septiembre,,,33.72,35.34,34.74,32.08,47.85,27.69,23.67,18.75,27.83,26.77,28.96,33.52,32.98,,,,
1993,Octubre,,,33.91,35.45,34.93,32.41,48.19,27.93,23.67,18.83,27.83,26.77,28.96,34.29,33.21,,,,
1993,Noviembre,,,34.19,35.53,35.71,32.52,48.06,28.62,23.92,18.90,28.48,26.77,29.69,34.75,33.53,,,,
1993,Diciembre,,,34.42,35.61,35.84,32.90,48.34,28.74,23.54,18.20,28.48,26.77,29.69,34.96,33.74,,,,
1994,Enero,,,35.92,35.61,36.35,33.13,48.44,29.07,22.75,43.06,28.49,26.77,29.69,35.75,34.21,,,,
1994,Febrero,,,37.12,36.37,36.50,33.77,48.87,31.52,22.88,43.75,29.90,31.72,30.34,36.23,35.24,,,,
1994,Marzo,,,37.50,36.38,37.07,34.14,49.77,31.65,22.88,43.74,29.91,31.72,30.34,36.82,35.60,,,,
1994,Abril,,,38.55,37.51,37.18,35.80,50.27,32.04,24.48,44.06,29.91,31.72,30.34,37.35,36.59,,,,
1994,Mayo,,,40.81,38.91,37.53,36.73,50.96,32.96,25.90,44.91,31.46,31.72,33.90,38.02,38.03,,,,
1994,Junio,,,42.23,38.90,37.93,37.04,51.71,33.14,26.02,45.03,31.48,31.72,33.90,38.69,38.80,,,,
1994,Julio,,,43.39,38.90,38.26,37.71,52.09,33.48,26.79,45.05,38.08,31.72,33.90,39.40,39.86,,,,
1994,Agosto,,,44.50,39.15,38.86,38.45,52.48,34.71,27.24,45.70,38.16,31.72,36.49,40.14,40.71,,,,
1994,Septiembre,,,44.38,41.91,39.45,39.10,53.21,35.09,27.24,45.74,38.05,31.72,36.49,40.88,40.97,,,,
1994,Octubre,,,45.35,41.98,39.78,40.02,54.22,35.27,27.24,45.91,38.05,31.72,36.49,41.02,41.68,,,,
1994,Noviembre,,,47.04,43.80,40.25,41.19,54.59,36.93,29.76,47.54,38.20,31.72,38.26,42.24,42.97,,,,
1994,Diciembre,,,47.60,46.54,40.82,41.85,55.07,37.21,29.64,47.66,38.20,31.72,38.26,42.55,43.50,,,,
1995,Enero,,,48.93,46.85,42.02,42.87,55.87,37.39,32.73,47.79,41.50,31.72,38.26,43.66,44.74,,,,
1995,Febrero,,,51.20,48.20,42.77,43.86,56.85,39.84,43.10,51.20,41.89,44.32,42.94,46.55,46.96,,,,
1995,Marzo,,,51.88,48.29,43.45,44.85,56.60,39.92,43.01,51.29,41.91,44.32,42.94,47.83,47.62,,,,
1995,Abril,,,52.63,48.45,44.16,47.68,58.07,40.35,43.88,60.06,41.91,44.32,42.94,49.20,48.84,,,,
1995,Mayo,,,52.91,50.91,46.42,48.82,59.57,41.54,44.96,59.32,42.09,44.32,44.25,50.75,49.73,,,,
1995,Junio,,,53.20,51.00,47.54,49.57,59.97,41.75,44.84,60.14,42.09,44.32,44.25,51.25,50.19,,,,
1995,Julio,,,53.74,52.55,48.17,50.10,60.20,42.17,44.27,59.05,46.10,44.32,44.25,52.34,50.86,,,,
1995,Agosto,,,54.20,52.84,48.77,51.22,60.57,44.22,44.47,60.14,46.29,44.32,53.89,52.52,51.54,,,,
1995,Septiembre,,,54.58,52.82,49.93,53.22,60.95,44.22,44.69,73.39,50.91,44.32,53.89,53.31,52.59,,,,
1995,Octubre,,,55.66,55.11,50.33,54.63,61.64,44.57,44.42,73.61,52.29,44.32,53.89,53.92,53.57,,,,
1995,Noviembre,,,56.74,55.67,50.91,54.74,61.94,46.29,45.82,66.35,52.71,44.32,56.37,54.13,54.32,,,,
1995,Diciembre,,,58.27,55.70,51.54,55.18,62.52,46.46,46.09,66.38,52.71,44.32,56.37,54.82,55.15,,,,
1996,Enero,,,58.22,55.63,52.26,55.97,62.35,46.56,46.42,66.48,52.71,44.32,56.37,55.29,55.43,,,,
1996,Febrero,,,59.65,57.20,53.02,57.19,62.98,48.94,51.64,67.05,52.78,51.12,58.81,58.09,57.00,,,,
1996,Marzo,,,60.30,62.75,53.96,58.21,63.92,49.60,52.50,67.30,52.78,51.12,58.81,59.42,57.89,,,,
1996,Abril,,,61.75,62.86,54.38,59.89,64.40,50.05,53.47,68.02,52.78,51.12,58.81,61.13,59.08,,,,
1996,Mayo,,,63.60,63.28,54.86,60.91,65.28,51.07,54.54,68.28,53.48,51.12,60.85,61.62,60.31,,,,
1996,Junio,,,66.44,63.28,55.86,61.50,66.70,51.39,54.51,68.48,53.49,51.12,60.85,62.43,61.83,,,,
1996,Julio,,,68.98,63.48,56.47,62.33,66.83,51.71,54.88,68.48,53.49,51.12,60.85,63.18,63.25,,,,
1996,Agosto,,,71.57,64.02,57.12,63.56,68.33,53.47,58.88,72.92,53.99,51.12,62.60,64.39,65.01,,,,
1996,Septiembre,,,71.91,69.33,61.02,65.11,69.12,53.88,59.49,73.25,54.01,51.12,62.60,66.59,66.12,,,,
1996,Octubre,,,72.05,69.62,61.89,66.08,70.66,54.34,60.58,73.96,64.02,51.12,62.60,67.75,67.09,,,,
1996,Noviembre,,,73.19,70.04,63.70,66.71,71.49,55.31,63.39,74.55,69.68,51.12,64.02,68.24,68.43,,,,
1996,Diciembre,,,73.46,70.40,66.19,67.36,72.35,56.17,65.00,74.84,69.92,51.12,65.44,68.93,69.12,,,,
1997,Enero,,,75.69,70.90,66.79,68.36,72.83,57.84,66.02,75.19,70.24,51.12,66.88,70.28,70.56,,,,
1997,Febrero,,,77.24,72.12,68.66,69.03,75.96,60.17,67.62,76.07,70.71,67.90,67.53,71.88,72.30,,,,
1997,Marzo,,,77.55,76.17,69.81,69.59,76.53,61.18,66.97,82.23,70.72,67.90,67.53,73.51,72.85,,,,
1997,Abril,,,77.47,76.21,71.81,70.10,76.77,62.58,67.24,82.83,70.81,67.90,72.52,75.20,73.28,,,,
1997,Mayo,,,78.58,76.46,73.50,70.65,77.45,64.15,67.43,83.26,70.85,67.90,73.73,75.91,74.20,,,,
1997,Junio,,,79.86,76.71,74.45,71.43,78.07,64.66,67.80,83.31,70.84,67.90,74.95,77.08,75.15,,,,
1997,Julio,,,81.80,76.91,75.11,71.78,78.62,65.27,67.36,83.54,70.85,67.90,76.15,78.11,76.20,,,,
1997,Agosto,,,83.16,77.58,75.85,72.51,79.11,66.02,67.93,83.77,71.21,67.90,79.01,79.84,77.15,,,,
1997,Septiembre,,,82.46,77.89,76.42,73.02,79.45,66.93,68.66,84.31,76.95,67.90,82.02,80.27,77.39,,,,
1997,Octubre,,,81.47,78.07,76.91,73.57,80.19,67.38,67.51,84.55,76.99,67.90,83.73,80.50,77.19,,,,
1997,Noviembre,,,81.69,78.68,78.02,74.52,81.03,68.98,67.45,84.78,77.39,67.90,83.91,80.64,77.78,,,,
1997,Diciembre,,,81.55,75.87,79.18,74.72,81.18,69.39,67.45,84.78,78.49,67.90,85.93,80.89,77.94,,,,
1998,Enero,,,82.66,75.90,79.44,74.97,81.43,70.67,67.46,85.13,78.67,67.90,86.17,81.48,78.59,,,,
1998,Febrero,,,84.83,76.54,80.00,75.98,82.05,72.00,69.19,85.27,80.02,85.34,86.31,83.06,80.54,,,,
1998,Marzo,,,86.81,79.20,81.40,76.28,82.63,72.60,70.26,85.39,83.93,85.34,87.24,85.07,81.90,,,,
1998,Abril,,,89.47,81.96,81.41,76.96,83.41,73.06,70.69,85.67,83.93,85.34,87.26,86.37,83.32,,,,
1998,Mayo,,,90.86,82.14,81.87,77.32,83.56,73.82,74.25,86.06,85.77,85.34,87.12,87.28,84.32,,,,
1998,Junio,,,91.53,82.55,84.66,78.98,85.60,75.43,78.78,86.27,89.26,85.34,89.21,89.11,85.80,,,,
1998,Julio,,,92.76,83.45,87.16,80.40,88.53,76.66,78.86,87.04,96.80,85.34,91.73,90.85,87.49,,,,
1998,Agosto,,,92.37,83.94,87.96,80.80,88.77,77.87,79.40,87.09,96.84,85.34,91.96,91.07,87.62,,,,
1998,Septiembre,,,91.77,84.39,88.68,81.69,89.12,79.53,79.43,87.82,98.09,85.34,92.91,93.19,87.88,,,,
1998,Octubre,,,91.47,90.15,89.85,82.62,90.18,81.19,80.19,88.67,98.19,85.34,92.91,94.52,88.38,,,,
1998,Noviembre,,,93.15,90.78,90.70,83.33,91.77,81.59,81.68,89.31,98.19,85.34,93.65,95.36,89.49,,,,
1998,Diciembre,,,94.10,91.12,91.28,83.94,91.80,81.92,81.69,89.35,98.21,85.34,93.65,95.83,90.14,,,,
1999,Enero,,,96.62,91.31,91.99,85.29,92.34,82.30,81.96,89.46,98.21,85.34,93.65,95.82,91.69,,,,
1999,Febrero,,,96.54,91.33,92.88,86.39,92.60,83.43,82.00,90.30,98.33,98.90,96.16,96.26,92.47,,,,
1999,Marzo,,,95.83,91.56,94.37,87.70,93.09,84.55,82.20,91.06,98.37,98.90,96.17,95.30,92.75,,,,
1999,Abril,,,95.87,91.62,94.70,88.57,93.08,84.87,82.66,91.82,98.38,98.90,97.16,95.49,93.07,,,,
1999,Mayo,,,96.10,97.25,95.36,89.95,93.83,86.54,83.02,93.45,98.38,98.90,97.50,96.70,93.80,,,,
1999,Junio,,,96.66,97.59,96.18,91.55,95.71,91.26,83.66,94.52,99.99,98.90,97.50,97.39,94.92,,,,
1999,Julio,,,97.56,97.86,96.46,92.49,96.70,92.52,83.49,96.56,99.99,98.90,98.20,97.78,95.65,,,,
1999,Agosto,,,97.97,97.96,98.45,93.14,96.85,93.52,87.94,96.97,99.99,98.90,98.67,97.79,96.44,,,,
1999,Septiembre,,,98.41,98.21,98.93,94.23,97.64,94.50,91.36,97.21,99.99,98.90,99.96,98.68,97.14,,,,
1999,Octubre,,,99.20,98.81,99.17,95.71,98.24,95.88,92.81,97.91,100.00,98.90,100.00,98.80,98.03,,,,
1999,Noviembre,,,99.51,99.63,99.31,98.04,99.39,98.12,94.84,99.33,100.00,98.90,100.00,99.07,98.97,,,,
1999,Diciembre,,,100.00,100.00,100.00,100.00,100.00,100.00,100.00,100.00,100.00,100.00,100.00,100.00,100.00,,,,
2000,Enero,14.72,15.01,99.95,100.35,100.78,101.20,100.75,100.97,100.03,100.48,100.19,100.00,101.82,100.90,100.50,,,,
2000,Febrero,14.79,15.01,100.36,101.50,102.14,102.97,101.19,103.20,101.73,101.19,102.11,115.52,101.82,102.80,102.01,,,,
2000,Marzo,14.83,15.01,101.43,101.59,102.66,104.02,101.82,105.46,102.84,106.22,102.11,115.52,103.33,103.07,102.98,,,,
2000,Abril,14.87,15.01,103.77,102.46,103.25,104.78,102.78,107.10,103.49,106.35,102.63,115.52,104.03,104.58,104.25,,,,
2000,Mayo,14.94,15.01,104.40,105.86,104.19,104.89,104.13,109.51,107.28,106.57,103.76,115.52,105.07,105.81,105.29,,,,
2000,Junio,14.97,15.01,105.71,106.77,105.77,105.11,104.61,111.19,108.84,106.82,104.82,115.52,106.09,108.36,106.33,,,,
2000,Julio,15.03,15.01,106.45,107.52,106.47,105.69,105.79,112.99,109.41,107.07,105.53,115.52,106.56,108.75,107.03,,,,
2000,Agosto,15.08,15.01,107.28,107.59,106.83,105.83,106.20,114.50,109.40,108.18,106.04,115.52,107.23,109.13,107.51,,,,
2000,Septiembre,15.15,15.01,106.78,107.70,107.04,106.40,106.53,114.85,111.27,108.50,106.37,115.52,107.36,110.04,107.74,,,,
2000,Octubre,15.21,15.01,106.97,108.23,107.61,106.87,106.95,115.36,113.26,108.64,107.74,115.52,107.65,110.96,108.30,,,,
2000,Noviembre,15.27,15.01,107.64,108.72,108.28,107.36,107.50,123.36,117.87,109.05,108.51,115.52,107.73,111.24,109.46,,,,
2000,Diciembre,15.31,15.01,108.66,113.45,108.66,107.99,107.84,124.48,118.41,109.24,109.05,115.52,108.38,111.49,110.10,,,,
2001,Enero,15.33,15.65,110.04,117.38,109.23,108.92,108.30,126.25,119.61,109.25,109.57,115.52,108.94,112.26,111.09,,,,
2001,Febrero,15.38,15.65,110.57,118.51,109.53,109.21,108.76,129.79,122.08,109.63,111.64,136.02,110.81,112.87,112.54,,,,
2001,Marzo,15.43,15.65,111.31,119.02,110.27,111.12,109.11,133.02,122.18,109.83,111.92,136.02,111.70,113.40,113.50,,,,
2001,Abril,15.49,15.65,111.90,119.49,111.11,111.48,109.88,134.35,124.37,110.18,112.93,136.02,112.30,113.95,114.20,,,,
2001,Mayo,15.54,15.65,113.39,119.90,112.75,112.44,110.81,135.98,126.92,110.44,114.35,136.02,113.96,114.17,115.56,,,,
2001,Junio,15.61,15.65,114.10,120.05,113.61,113.23,111.70,137.32,127.32,110.92,114.95,136.02,115.39,114.46,116.30,,,,
2001,Julio,15.67,15.65,115.21,120.30,115.28,114.12,113.17,139.30,123.47,111.30,115.83,136.02,116.10,114.78,116.93,,,,
2001,Agosto,15.71,15.65,115.87,121.74,116.81,115.50,114.27,140.79,123.56,111.38,116.19,136.02,116.71,115.10,117.75,,,,
2001,Septiembre,15.77,15.65,116.14,121.93,118.00,117.46,114.72,141.21,126.46,107.59,116.57,136.02,116.90,115.78,118.63,,,,
2001,Octubre,15.86,15.65,116.04,122.92,118.52,118.78,115.59,143.01,123.97,104.08,117.50,136.02,117.26,116.47,118.80,,,,
2001,Noviembre,15.97,15.65,117.20,123.10,118.90,119.70,116.00,144.10,122.20,103.10,117.30,136.02,118.10,116.80,119.40,,,,
2001,Diciembre,16.05,15.65,117.40,123.20,120.30,120.50,116.60,145.60,121.20,103.40,117.50,136.02,118.80,117.10,119.80,,,,
2002,Enero,16.13,16.61,116.70,123.20,121.10,121.60,117.30,146.20,122.70,103.60,118.40,136.02,119.50,117.70,120.20,,,,
2002,Febrero,16.25,16.61,116.74,126.19,121.87,122.48,118.32,147.64,123.57,101.47,119.59,158.17,121.51,118.54,121.46,,,,
2002,Marzo,16.32,16.61,116.99,127.15,122.73,123.86,119.56,148.25,124.97,101.74,120.02,158.17,122.03,118.97,122.20,,,,
2002,Abril,16.40,16.61,117.30,127.70,123.40,125.60,120.10,148.60,128.80,102.00,120.40,158.17,122.20,119.90,123.10,,,,
2002,Mayo,16.48,16.61,117.30,128.10,124.50,127.40,120.50,148.60,129.10,102.30,120.80,158.17,122.40,120.10,123.70,,,,
2002,Junio,16.57,16.61,119.09,128.30,125.23,130.69,120.90,149.24,129.22,102.62,121.24,158.17,123.03,120.57,125.09,,,,
2002,Julio,16.64,16.61,120.20,131.60,126.10,133.10,121.60,151.50,129.80,93.80,121.50,158.17,123.50,121.30,126.10,,,,
2002,Agosto,16.73,16.61,120.40,133.70,127.70,134.80,122.60,151.80,130.40,94.00,121.80,158.17,124.60,121.50,126.90,,,,
2002,Septiembre,16.82,16.61,119.20,134.50,128.40,136.70,123.90,152.20,131.00,94.30,121.90,158.17,125.20,122.00,127.10,,,,
2002,Octubre,16.93,16.61,119.10,135.10,129.10,138.60,124.60,153.30,132.40,93.20,122.60,158.17,126.40,122.70,127.80,,,,
2002,Noviembre,17.00,16.61,119.50,135.40,130.30,140.30,125.70,153.70,132.40,93.40,121.50,158.17,127.30,123.70,128.60,,,,
2002,Diciembre,17.07,16.61,120.10,135.70,131.30,141.30,126.60,154.90,135.50,93.50,121.80,158.17,128.70,124.30,129.50,,,,
2003,Enero,17.15,17.54,120.30,136.30,132.00,142.00,127.50,155.40,142.40,93.90,122.30,158.17,129.00,125.20,130.60,,,,
2003,Febrero,17.23,17.54,120.80,136.60,132.50,144.00,128.60,156.00,145.60,94.00,123.40,180.90,129.60,125.50,132.30,,,,
2003,Marzo,17.31,17.54,121.00,136.80,132.90,145.70,129.30,156.70,144.60,94.20,123.80,180.90,130.10,126.50,132.80,,,,
2003,Abril,17.38,17.54,121.50,138.30,133.50,147.50,129.90,157.50,144.40,94.50,124.10,180.90,130.50,126.90,133.50,,,,
2003,Mayo,17.43,17.54,121.70,139.70,134.10,147.30,130.50,157.80,143.30,94.60,124.70,180.90,131.80,127.70,133.70,,,,
2003,Junio,17.49,17.54,122.50,141.10,134.80,146.50,131.60,159.80,142.80,94.70,124.80,180.90,132.70,127.80,134.10,,,,
2003,Julio,17.56,17.54,123.10,143.90,135.20,146.70,132.30,161.00,144.00,94.90,125.50,180.90,132.90,128.10,134.60,,,,
2003,Agosto,17.65,17.54,123.50,145.20,135.90,149.70,133.00,162.60,145.10,95.20,126.00,180.90,134.20,128.30,135.80,,,,
2003,Septiembre,17.73,17.54,123.40,145.20,136.50,151.70,133.50,163.10,146.10,95.40,126.80,180.90,134.50,128.80,136.40,,,,
2003,Octubre,17.80,17.54,124.10,145.90,137.00,152.80,134.10,163.20,146.20,94.20,127.30,180.90,135.60,129.10,137.00,,,,
2003,Noviembre,17.88,17.54,125.40,149.70,139.50,152.90,134.60,164.80,146.00,94.40,127.60,180.90,136.60,130.20,137.90,,,,
2003,Diciembre,17.93,17.54,126.10,151.50,140.70,153.20,135.20,165.00,146.30,94.50,127.80,180.90,136.80,130.40,138.30,,,,
2004,Enero,17.98,18.41,126.90,153.60,141.30,155.10,135.70,165.50,150.40,94.70,129.00,180.90,137.60,131.10,139.60,,,,
2004,Febrero,18.06,18.41,127.20,153.00,141.60,157.30,136.60,166.30,152.20,94.90,129.60,203.40,139.00,132.20,141.20,,,,
2004,Marzo,18.14,18.41,126.90,152.60,142.30,157.70,137.60,166.90,155.00,95.20,130.20,203.40,139.70,132.60,141.70,,,,
2004,Abril,18.22,18.41,127.60,154.30,142.80,159.60,138.30,168.40,161.90,95.40,130.50,203.40,139.90,133.70,143.20,,,,
2004,Mayo,18.30,18.41,128.50,155.40,143.30,161.10,139.00,169.20,163.80,95.60,131.80,203.40,142.20,134.20,144.30,,,,
2004,Junio,18.38,18.41,129.00,155.50,143.90,162.80,139.90,170.10,164.70,95.90,132.20,203.40,143.40,134.80,145.20,,,,
2004,Julio,18.45,18.41,133.10,156.20,144.90,164.40,141.10,172.70,164.90,96.10,132.80,203.40,143.90,135.20,147.10,,,,
2004,Agosto,18.54,18.41,133.10,156.70,145.20,165.70,141.90,173.20,166.00,96.40,133.00,203.40,144.20,135.80,147.60,,,,
2004,Septiembre,18.62,18.41,132.60,157.30,145.70,166.60,142.30,173.70,166.30,96.60,133.30,203.40,145.20,136.00,147.80,,,,
2004,Octubre,18.70,18.41,133.90,157.40,146.50,167.90,143.60,174.90,170.20,96.90,134.00,203.40,145.60,136.50,149.10,,,,
2004,Noviembre,18.75,18.41,136.60,157.70,146.70,168.60,145.00,176.00,170.10,97.10,134.90,203.40,146.80,137.30,150.40,,,,
2004,Diciembre,18.81,18.41,137.80,161.90,147.70,169.00,145.90,176.40,167.90,97.20,135.20,203.40,147.50,137.80,151.00,,,,
2005,Enero,18.88,19.00,139.00,162.70,148.40,170.30,147.10,177.60,169.50,97.50,136.30,203.40,149.30,138.50,152.20,,,"147,681,865.69","230,954,719.05"
2005,Febrero,18.95,19.00,140.90,163.10,149.10,170.90,147.70,178.20,171.70,97.70,136.30,226.90,150.40,139.70,154.00,"326,275,898.02","388,978,955.10","158,869,536.61","174,178,863.53"
2005,Marzo,19.00,19.00,141.30,163.30,150.00,172.30,149.20,178.80,177.80,97.90,136.70,226.90,150.70,140.60,155.20,"399,219,982.49","515,851,569.26","198,907,087.99","298,635,816.82"
2005,Abril,19.04,19.00,141.90,163.50,150.80,172.90,149.80,180.60,186.80,98.00,137.00,226.90,151.80,141.10,156.60,"403,105,207.07","537,218,976.35","189,166,859.32","333,680,941.45"
2005,Mayo,19.01,19.00,143.00,164.20,151.50,173.70,150.20,180.90,185.20,98.00,137.50,226.90,152.10,141.30,157.20,"409,097,031.21","566,371,667.69","194,112,717.80","256,689,290.04"
2005,Junio,18.99,19.00,144.30,165.40,152.10,175.20,150.70,184.10,187.10,98.00,137.80,226.90,152.90,141.90,158.30,"407,142,975.14","496,763,290.71","178,810,027.06","221,486,523.40"
2005,Julio,19.00,19.00,145.90,166.30,152.80,176.90,151.70,185.00,189.70,98.00,138.40,226.90,153.50,142.40,159.70,"417,678,761.13","596,000,318.37","147,392,157.60","157,031,042.00"
2005,Agosto,19.00,19.00,148.00,166.40,153.30,177.70,152.30,186.40,192.80,98.00,138.60,226.90,154.70,142.90,161.00,"405,087,060.58","381,843,200.74","121,681,677.99","144,450,708.16"
2005,Septiembre,19.01,19.00,146.80,166.90,153.90,179.50,153.20,188.30,196.80,98.10,138.70,226.90,154.90,143.80,161.60,"413,601,855.02","446,775,539.90","141,197,854.85","185,287,369.45"
2005,Octubre,19.03,19.00,146.20,167.90,154.50,180.70,154.20,188.80,195.30,98.10,138.90,226.90,155.10,144.90,161.70,"432,830,923.06","501,457,508.19","133,438,794.92","149,487,971.70"
2005,Noviembre,19.03,19.00,146.90,168.60,155.30,181.70,155.50,190.10,190.00,98.20,139.10,226.90,157.00,145.70,162.00,"399,219,138.81","392,384,254.42","136,446,128.85","172,935,328.10"
2005,Diciembre,19.03,19.00,147.10,173.60,156.50,182.40,157.00,190.40,190.80,98.20,139.50,226.90,157.90,146.60,162.70,"474,423,847.51","580,731,350.81","144,656,361.51","157,265,409.09"
2006,Enero,19.03,19.03,147.20,174.50,157.30,183.80,157.80,193.00,193.20,82.00,140.10,226.90,159.30,147.30,163.30,"418,002,484.92","516,771,028.98","174,267,286.59","227,444,506.88"
2006,Febrero,19.03,19.03,147.50,174.60,157.70,184.40,159.10,194.00,193.40,82.00,140.90,250.90,160.30,147.70,164.40,"365,878,256.94","386,927,744.84","179,386,553.82","293,218,139.13"
2006,Marzo,19.03,19.03,147.90,177.40,158.70,184.70,160.30,194.50,192.60,82.00,141.10,250.90,161.10,148.40,164.80,"430,419,526.42","529,871,650.95","206,853,983.02","237,904,330.50"
2006,Abril,19.03,19.03,148.70,177.90,159.30,185.70,161.10,194.80,195.80,82.00,141.30,250.90,161.50,149.30,165.70,"420,657,437.98","528,640,990.59","152,967,853.31","170,745,601.68"
2006,Mayo,19.03,19.03,149.70,182.40,160.50,187.50,162.10,196.60,197.40,82.10,141.50,250.90,162.10,149.60,166.80,"480,318,713.29","526,276,559.40","226,942,719.11","251,188,239.46"
2006,Junio,19.03,19.03,150.40,183.40,160.80,187.20,162.50,197.10,197.80,82.10,141.70,250.90,164.40,149.90,167.30,"510,630,115.96","580,788,116.44","195,297,405.77","206,251,701.96"
2006,Julio,19.03,19.03,151.70,184.40,161.70,188.00,163.50,197.30,198.40,82.10,142.30,250.90,165.00,150.50,168.20,"478,969,188.59","738,744,515.96","179,092,600.09","233,963,144.53"
2006,Agosto,19.03,19.03,151.80,184.90,162.10,188.90,164.50,198.00,199.00,82.20,143.00,250.90,166.20,151.60,168.80,"496,835,275.69","562,858,225.46","162,204,641.91","187,859,659.10"
2006,Septiembre,19.03,19.03,151.00,185.50,162.70,189.70,165.70,198.90,197.70,82.20,143.40,250.90,166.60,153.20,168.80,"465,542,284.58","523,090,719.55","141,047,251.53","165,069,215.63"
2006,Octubre,19.03,19.03,151.10,185.70,164.50,190.00,166.30,199.20,194.20,82.20,143.90,250.90,168.10,153.50,169.00,"523,693,047.63","581,915,171.23","153,999,756.88","176,075,735.61"
2006,Noviembre,19.03,19.03,152.40,190.40,167.00,191.00,167.10,199.50,194.10,82.20,144.20,250.90,168.90,153.80,169.90,"529,210,418.72","531,470,548.77","183,127,808.55","204,175,539.62"
2006,Diciembre,19.03,19.03,155.30,191.10,167.90,191.60,167.90,200.00,195.40,82.20,144.50,250.90,169.80,154.10,171.30,"522,940,931.25","564,059,239.69","141,032,395.80","158,680,188.22"
2007,Enero,19.03,19.03,157.70,191.20,168.90,192.50,168.80,200.20,193.40,81.20,145.30,250.90,171.20,155.40,172.40,"469,642,603.54","475,855,213.06","196,326,842.62","211,991,160.44"
2007,Febrero,19.03,19.03,159.00,198.70,169.30,193.40,170.00,201.60,192.80,79.40,146.40,269.10,174.10,156.30,173.90,"513,777,844.41","637,079,287.50","190,523,030.94","265,563,939.27"
2007,Marzo,19.03,19.03,160.10,199.60,169.80,194.80,170.80,203.40,195.80,81.30,146.50,269.10,175.40,157.00,175.20,"590,735,651.54","619,827,362.83","229,175,678.30","257,801,238.49"
2007,Abril,19.03,19.03,161.00,200.60,170.30,195.70,171.60,204.60,199.80,81.40,146.80,269.10,176.10,158.00,176.20,"547,827,225.14","541,632,947.09","193,092,033.89","305,588,289.88"
2007,Mayo,19.03,19.03,160.40,201.30,171.20,197.50,172.40,205.60,202.40,81.40,147.10,269.10,177.50,158.50,176.90,"615,184,021.91","610,669,258.72","251,956,012.12","325,310,536.43"
2007,Junio,19.03,19.03,161.20,201.90,172.00,198.30,172.90,206.50,203.00,81.40,147.30,269.10,178.70,159.20,177.60,"572,093,941.89","572,940,823.36","219,834,563.71","224,611,735.56"
2007,Julio,19.03,19.03,163.50,202.00,172.80,198.90,174.50,210.10,203.60,75.40,147.60,269.10,179.30,160.10,178.80,"664,652,575.86","585,555,336.23","231,680,363.34","218,802,757.39"
2007,Agosto,19.03,19.03,165.10,202.00,173.60,200.20,175.50,210.70,203.40,75.40,147.90,269.10,182.10,160.80,180.10,"678,841,086.83","682,990,510.79","213,616,344.74","222,380,177.62"
2007,Septiembre,19.03,19.03,165.90,202.00,174.20,201.10,176.80,211.10,204.30,75.40,148.10,269.10,182.20,161.30,180.80,"572,037,770.06","478,354,381.87","201,841,908.46","207,098,717.21"
2007,Octubre,19.03,19.03,169.90,202.00,174.90,203.70,178.50,211.90,205.30,75.50,148.70,269.10,183.20,162.90,183.00,"664,291,964.99","555,414,895.84","191,903,025.36","207,048,545.97"
2007,Noviembre,19.03,19.03,176.70,202.00,175.40,204.20,180.10,212.70,211.50,75.50,149.40,269.10,184.80,164.00,186.20,"701,527,500.43","551,938,728.84","205,405,941.15","238,972,537.48"
2007,Diciembre,19.03,19.03,176.60,202.70,176.70,205.10,180.80,212.90,208.40,75.50,149.70,269.10,187.70,165.60,186.50,"633,746,026.19","550,072,385.43","203,629,411.90","229,066,353.11"
2008,Enero,19.03,19.03,177.30,202.70,177.40,207.90,182.30,214.10,209.20,74.10,150.70,269.10,189.90,167.00,187.70,"654,412,481.24","572,650,361.01","215,129,639.07","253,355,491.77"
2008,Febrero,19.03,19.03,179.00,203.00,178.20,209.30,184.40,216.90,210.60,74.10,151.70,287.10,191.80,168.30,189.70,"665,553,449.33","555,563,090.91","261,829,519.19","290,436,319.77"
2008,Marzo,19.03,19.03,181.70,203.20,178.80,210.10,187.10,217.30,213.50,74.10,152.30,287.10,193.10,168.80,191.40,"683,055,521.16","558,472,306.09","281,791,576.14","272,412,848.48"
2008,Abril,19.04,19.03,185.00,203.30,179.60,210.70,188.90,217.90,216.50,74.20,153.10,287.10,195.60,170.70,193.30,"739,145,144.40","603,868,516.92","250,499,598.58","228,772,773.33"
2008,Mayo,19.05,19.03,189.10,212.80,181.10,216.00,190.90,218.30,222.20,74.20,153.50,287.10,198.20,171.90,196.80,"856,788,381.27","700,384,239.65","274,103,428.78","228,135,904.07"
2008,Junio,19.03,19.03,193.20,214.80,181.80,217.20,192.60,218.60,227.10,74.20,153.70,287.10,200.40,174.30,199.20,"787,122,765.34","562,350,567.28","264,328,726.48","239,830,693.61"
2008,Julio,19.03,19.03,198.90,218.80,182.80,219.90,195.50,219.00,241.50,74.20,154.50,287.10,201.90,176.60,203.40,"836,555,927.88","650,817,803.29","247,927,859.86","209,073,631.53"
2008,Agosto,19.03,19.03,200.50,219.90,183.20,221.00,197.70,221.80,248.80,74.20,155.10,287.10,203.80,178.00,205.30,"839,308,117.41","561,607,640.13","234,072,685.86","200,720,758.96"
2008,Septiembre,19.03,19.03,199.50,221.50,183.50,222.30,199.20,222.90,248.10,74.20,155.50,287.10,206.80,180.20,205.60,"781,344,009.42","574,106,638.37","239,402,585.60","242,441,422.36"
2008,Octubre,19.03,19.03,201.70,222.30,184.80,224.00,202.60,224.20,242.80,74.20,155.70,287.10,208.50,182.40,206.90,"733,768,004.74","577,520,654.16","207,927,866.50","221,411,045.83"
2008,Noviembre,19.03,19.03,204.50,222.40,185.70,223.60,205.20,224.80,223.70,74.20,156.50,287.10,210.60,184.30,206.50,"659,221,572.89","564,964,147.42","166,131,601.35","157,101,551.63"
2008,Diciembre,19.03,19.03,206.40,222.80,186.20,223.70,206.20,225.00,215.00,72.60,156.60,287.10,211.90,185.60,206.70,"577,198,391.42","524,222,803.85","189,839,197.63","205,068,627.11"
2009,Enero,19.03,19.03,205.20,223.00,187.40,224.50,207.20,225.80,211.40,72.60,158.10,287.10,213.20,188.10,206.60,"494,994,862.75","499,711,927.28","178,155,911.74","183,615,956.91"
2009,Febrero,19.03,19.03,204.40,223.80,189.30,226.00,209.20,227.20,215.30,72.80,158.90,308.20,216.00,189.40,208.20,"497,572,746.29","524,734,058.70","197,616,133.04","207,239,143.85"
2009,Marzo,19.03,19.03,202.80,223.90,189.70,225.00,213.00,231.70,215.80,72.80,159.20,308.20,218.70,190.20,208.20,"525,582,187.60","521,232,221.85","234,902,382.97","212,156,748.26"
2009,Abril,19.03,19.03,201.00,228.80,191.10,226.70,214.40,236.80,218.20,72.80,159.50,308.20,221.70,190.60,208.90,"509,568,935.64","531,916,275.42","190,224,574.34","208,771,921.27"
2009,Mayo,19.03,19.03,199.80,229.20,191.90,227.10,215.50,237.20,219.80,72.80,159.60,308.20,222.10,191.50,208.90,"486,558,430.91","465,942,408.26","231,731,030.21","212,626,270.56"
2009,Junio,19.03,19.03,199.70,229.30,192.50,229.50,216.50,238.30,224.30,72.80,160.00,308.20,222.90,192.30,210.00,"537,146,420.85","516,078,016.88","216,885,229.86","227,289,273.15"
2009,Julio,19.03,19.03,200.30,229.50,193.50,234.00,218.10,239.10,226.40,72.90,160.20,308.20,223.50,193.30,211.50,"527,545,257.62","554,157,653.81","211,131,676.22","161,654,006.51"
2009,Agosto,19.03,19.03,199.00,230.60,194.70,235.20,219.70,239.70,226.80,72.90,160.60,308.20,223.50,194.90,211.70,"515,164,971.89","523,076,144.70","184,958,209.65","202,533,783.60"
2009,Septiembre,19.03,19.03,197.70,231.10,195.10,236.80,221.20,240.10,227.80,72.90,160.70,308.20,224.10,196.00,211.90,"481,558,086.12","475,117,473.04","171,927,018.21","197,700,925.74"
2009,Octubre,19.03,19.03,197.30,231.40,195.70,238.70,221.90,241.20,226.90,72.90,161.20,308.20,225.50,197.20,212.40,"522,843,897.16","457,112,607.64","181,880,270.41","162,446,574.68"
2009,Noviembre,19.03,19.03,196.80,231.40,196.30,240.10,222.30,241.60,229.70,72.90,161.00,308.20,225.80,197.50,212.90,"549,976,518.76","496,263,713.71","163,086,981.77","158,843,540.57"
2009,Diciembre,19.03,19.03,195.70,232.10,196.50,240.60,222.80,241.80,230.00,72.90,161.00,308.20,226.50,198.20,212.80,"575,225,420.68","588,513,685.56","199,452,586.64","174,268,751.07"
2010,Enero,19.03,19.03,196.20,234.00,197.40,244.00,223.60,241.90,232.10,72.90,161.30,308.20,227.20,198.50,214.00,"508,140,298.79","464,366,448.05","217,171,742.03","215,002,269.57"
2010,Febrero,19.03,19.03,197.40,234.20,197.80,245.40,224.70,242.90,233.10,72.90,161.40,330.10,227.90,199.00,215.50,"529,687,674.54","538,642,611.92","256,124,480.94","276,361,194.38"
2010,Marzo,19.03,19.03,199.00,234.70,198.10,246.20,225.70,243.40,234.60,73.00,161.60,330.10,228.80,199.50,216.50,"638,308,195.14","601,211,420.43","278,079,992.18","287,883,107.90"
2010,Abril,19.03,19.03,200.10,235.20,198.70,247.60,226.50,243.70,237.20,73.00,161.80,330.10,229.60,200.40,217.60,"615,189,058.17","593,364,826.31","237,557,408.36","312,323,427.13"
2010,Mayo,19.03,19.03,199.90,240.10,199.10,248.60,226.80,244.00,237.80,73.10,162.20,330.10,230.20,201.50,218.00,"618,704,708.08","557,880,849.45","272,493,144.46","275,149,014.53"
2010,Junio,19.03,19.03,202.40,241.90,199.20,249.40,227.00,244.60,235.60,73.10,162.90,330.10,232.30,201.60,218.90,"600,908,528.79","549,483,966.34","265,937,029.13","349,703,991.98"
2010,Julio,19.03,19.03,204.00,242.40,199.40,252.00,227.70,245.40,236.70,73.10,163.30,330.10,233.30,202.30,220.30,"557,667,705.57","460,657,634.14","208,795,851.27","225,069,261.68"
2010,Agosto,19.03,19.03,204.20,243.70,199.90,255.90,228.10,246.10,237.70,63.60,163.50,330.10,235.10,202.60,221.30,"579,003,687.05","454,677,555.97","214,075,776.79","237,327,662.14"
2010,Septiembre,19.03,19.03,205.30,243.70,200.60,260.20,229.30,247.20,236.90,63.60,163.80,330.10,235.40,203.20,222.60,"579,219,798.22","543,068,306.36","196,520,013.07","206,356,944.12"
2010,Octubre,19.03,19.03,209.60,243.80,201.60,261.00,230.30,250.10,238.90,63.60,164.20,330.10,236.20,203.80,224.70,"603,880,410.50","490,333,663.75","176,675,889.16","184,058,320.79"
2010,Noviembre,19.03,19.03,213.70,244.30,202.00,261.60,230.90,250.80,241.10,63.60,164.60,330.10,236.30,204.70,226.60,"654,437,287.29","476,987,106.07","206,391,834.12","200,271,307.03"
2010,Diciembre,19.03,19.03,211.90,244.40,202.80,262.60,231.60,252.70,243.10,63.60,164.90,330.10,237.10,205.30,226.60,"642,532,191.53","507,190,573.64","288,987,991.56","191,902,359.19"
2011,Enero,19.03,19.05,211.40,244.50,204.00,265.20,232.40,253.00,246.50,63.80,165.80,330.10,237.30,206.90,227.60,"640,904,266.08","540,467,132.52","344,772,931.19","377,348,417.88"
2011,Febrero,19.03,19.05,211.20,244.60,204.60,266.50,234.30,253.50,248.70,63.80,166.50,355.20,241.30,207.70,229.20,"626,938,082.37","490,536,958.13","404,085,697.21","402,852,281.10"
2011,Marzo,19.03,19.05,213.10,246.60,205.20,267.70,236.00,254.40,253.60,63.80,166.90,355.20,243.20,209.10,230.80,"772,797,690.16","637,047,762.01","406,128,628.25","309,196,226.97"
2011,Abril,19.03,19.05,214.30,250.00,206.30,271.30,236.40,255.70,268.00,63.80,167.30,355.20,244.10,209.50,233.40,"690,646,610.05","552,411,230.17","398,098,110.63","356,356,951.45"
2011,Mayo,19.03,19.05,215.00,250.00,207.30,273.00,237.80,256.30,273.70,63.80,167.60,355.20,245.90,210.10,234.80,"847,676,230.19","699,785,174.55","409,655,871.45","367,952,577.98"
2011,Junio,19.03,19.05,216.60,250.70,208.10,274.40,239.40,258.10,270.80,63.80,167.70,355.20,248.10,210.60,235.80,"846,841,940.81","682,433,283.77","390,464,991.48","303,080,442.36"
2011,Julio,19.00,19.05,219.90,250.80,208.70,275.20,240.50,259.00,271.70,64.00,168.10,355.20,249.30,211.20,237.40,"772,081,666.01","561,335,801.78","275,317,208.63","238,794,061.01"
2011,Agosto,18.98,19.05,220.10,250.90,209.20,277.90,241.70,259.40,273.80,64.00,168.60,355.20,249.90,211.50,238.30,"761,667,674.82","536,556,672.09","244,101,027.69","302,319,761.31"
2011,Septiembre,19.06,19.05,218.30,251.10,209.70,277.90,242.70,260.00,273.20,64.00,168.90,355.20,250.10,212.00,237.80,"742,282,663.03","572,368,027.02","246,924,664.01","296,823,219.86"
2011,Octubre,19.13,19.05,217.50,251.90,210.40,279.20,243.40,260.40,271.80,64.30,169.30,355.20,251.60,212.80,238.00,"739,991,232.03","573,391,323.77","237,694,479.18","328,161,685.09"
2011,Noviembre,19.12,19.05,218.10,253.00,211.20,279.10,244.40,260.90,276.20,64.30,169.70,355.20,252.20,213.40,238.90,"798,021,784.22","539,865,955.10","265,418,846.74","237,246,573.47"
2011,Diciembre,19.14,19.05,218.40,253.50,212.00,280.60,245.10,261.00,274.90,64.40,169.80,355.20,252.50,213.80,239.30,"776,322,923.21","538,564,695.70","337,144,274.81","391,206,158.16"
2012,Enero,19.21,19.64,218.50,260.80,213.40,280.80,246.20,262.30,277.00,64.50,170.40,355.20,252.90,214.60,239.80,"740,201,542.92","577,798,881.63","352,120,164.69","337,307,117.34"
2012,Febrero,19.30,19.64,219.20,262.70,214.20,282.90,247.30,264.70,281.50,64.60,171.60,381.60,255.80,215.70,242.10,"765,548,338.29","565,269,509.35","425,161,512.59","481,107,217.74"
2012,Marzo,19.37,19.64,220.00,263.30,215.30,284.40,249.00,265.20,290.50,64.70,171.90,381.60,257.50,216.80,243.90,"882,052,513.68","682,596,914.92","499,736,320.39","524,522,348.64"
2012,Abril,19.44,19.64,221.20,264.20,216.00,288.10,250.80,270.20,302.50,64.70,172.70,381.60,258.80,217.60,246.60,"750,993,287.61","636,635,287.54","391,487,574.16","394,941,449.44"
2012,Mayo,19.51,19.64,221.40,264.30,217.00,288.00,251.60,271.10,300.00,64.80,172.90,381.60,262.70,218.70,246.90,"817,354,048.19","664,658,513.53","410,287,346.67","474,183,821.19"
2012,Junio,19.59,19.64,221.30,265.00,218.30,287.20,252.90,274.20,296.80,64.90,173.50,381.60,264.60,218.80,246.90,"741,661,705.34","593,706,092.18","391,397,924.05","423,342,503.39"
2012,Julio,19.67,19.64,222.60,265.20,218.90,286.20,254.20,275.20,293.50,65.00,174.00,381.60,265.50,219.30,247.10,"750,419,523.26","591,354,340.42","379,428,155.32","383,580,267.96"
2012,Agosto,19.76,19.64,223.70,265.30,220.40,288.00,255.10,276.40,298.00,65.00,174.40,381.60,266.30,219.80,248.60,"842,432,400.42","620,278,361.59","399,827,356.10","513,051,458.10"
2012,Septiembre,19.83,19.64,224.90,265.30,221.60,291.40,256.20,277.00,304.90,65.10,174.80,381.60,266.50,220.10,250.40,"775,699,831.01","616,074,243.46","321,422,509.85","281,768,142.48"
2012,Octubre,19.91,19.64,225.80,265.30,223.30,293.20,256.60,277.80,306.80,65.20,175.10,381.60,267.40,220.70,251.50,"815,855,282.72","581,938,794.38","271,397,594.08","389,094,811.29"
2012,Noviembre,19.99,19.64,226.60,265.40,223.90,294.00,257.30,279.80,301.40,65.30,175.30,381.60,269.90,221.40,251.90,"764,670,237.21","538,911,907.50","283,712,667.29","535,354,114.43"
2012,Diciembre,20.07,19.64,226.70,265.40,224.80,294.80,258.30,280.70,299.90,65.50,175.80,381.60,270.30,222.60,252.20,"747,793,153.22","551,776,883.60","275,781,066.93","299,461,677.60"
2013,Enero,20.14,20.50,227.30,267.70,227.60,295.60,260.30,281.40,303.10,65.60,176.60,381.60,271.50,224.20,253.40,"807,423,104.45","629,575,941.41","375,358,052.73","566,251,529.54"
2013,Febrero,20.22,20.50,230.20,269.20,228.20,297.80,261.50,282.60,307.80,65.70,178.00,403.10,272.60,224.70,256.10,"725,899,678.02","587,623,603.54","354,303,427.16","492,863,043.29"
2013,Marzo,20.28,20.50,231.30,271.50,228.90,300.00,262.50,283.60,311.80,65.70,178.40,403.10,274.10,225.40,257.50,"679,481,467.18","549,358,089.89","372,045,637.17","513,815,727.07"
2013,Abril,20.36,20.50,232.30,275.40,229.50,299.90,263.00,284.20,310.30,65.80,179.20,403.10,276.10,226.70,258.10,"795,233,890.31","715,663,053.67","354,418,452.71","533,295,601.88"
2013,Mayo,20.44,20.50,232.70,275.70,230.80,301.30,264.30,288.30,309.00,65.90,180.40,403.10,276.60,227.00,258.80,"784,519,327.35","580,198,960.99","352,651,072.22","644,833,250.54"
2013,Junio,20.52,20.50,234.10,276.70,232.10,301.80,265.80,289.40,310.70,66.00,180.90,403.10,277.90,227.40,259.90,"687,551,064.39","522,038,551.23","319,557,358.40","389,944,006.17"
2013,Julio,20.60,20.50,235.80,276.70,232.70,302.90,266.60,292.50,311.00,66.00,181.40,403.10,278.00,228.50,261.00,"804,493,499.33","663,513,891.03","304,252,861.23","512,902,241.14"
2013,Agosto,20.60,20.50,236.10,277.00,233.20,305.00,267.30,293.90,314.10,66.00,181.90,403.10,278.60,229.30,262.00,"767,051,131.45","575,031,229.00","278,234,537.85","411,716,574.36"
2013,Septiembre,20.67,20.50,236.50,277.80,233.80,306.80,268.60,294.90,313.90,66.10,182.70,403.10,280.40,229.80,262.80,"733,257,843.45","574,143,341.31","280,120,196.03","429,796,759.55"
2013,Octubre,20.67,20.50,236.00,278.20,235.10,309.10,269.70,296.10,310.80,66.10,183.20,403.10,280.70,230.30,263.10,"797,668,300.19","658,403,830.03","270,189,968.54","498,820,631.36"
2013,Noviembre,20.69,20.50,237.00,278.40,235.60,310.10,271.40,296.50,309.10,66.10,183.90,403.10,281.20,230.90,263.80,"807,095,566.69","705,427,811.39","289,189,223.34","465,178,342.69"
2013,Diciembre,20.74,20.50,237.90,279.00,236.60,311.30,271.90,296.80,310.70,66.10,184.40,403.10,281.30,231.30,264.60,"762,604,683.28","592,480,686.44","336,116,966.51","483,955,926.36"
2014,Enero,20.77,21.13,241.50,286.70,244.20,313.40,275.80,299.20,317.50,66.40,188.80,403.10,286.50,236.00,268.60,"679,607,863.04","474,415,281.55","341,038,580.25","671,104,086.88"
2014,Febrero,20.82,21.13,242.40,289.30,246.40,313.90,277.50,300.80,320.10,68.50,189.90,438.30,288.00,238.20,270.80,"698,405,958.95","542,477,101.52","328,221,372.00","687,824,293.12"
2014,Marzo,20.88,21.13,243.40,293.60,247.50,316.10,280.50,302.30,322.80,68.60,190.60,438.30,290.80,239.90,272.40,"790,382,264.46","661,230,613.49","358,654,904.99","519,725,102.14"
2014,Abril,20.92,21.13,244.60,295.00,248.50,317.20,281.40,303.70,323.20,68.60,191.00,438.30,292.80,241.40,273.50,"770,482,681.21","623,096,004.22","362,298,574.55","619,606,583.48"
2014,Mayo,20.97,21.13,247.60,298.00,249.40,317.40,282.30,304.50,324.50,68.70,191.60,438.30,293.30,242.90,274.90,"871,634,037.31","777,806,039.77","412,379,970.03","512,938,603.17"
2014,Junio,21.07,21.13,249.50,300.00,250.50,318.20,283.30,306.40,325.90,69.10,192.10,438.30,293.70,244.40,276.10,"786,817,407.17","583,540,475.49","389,380,857.22","483,812,899.55"
2014,Julio,21.11,21.13,253.50,302.30,251.40,319.30,284.60,307.60,328.40,69.20,192.90,438.30,293.90,245.90,278.20,"792,188,498.78","638,257,799.45","361,387,988.35","443,568,175.85"
2014,Agosto,21.20,21.13,253.10,306.80,253.30,320.10,286.10,312.10,326.00,69.30,193.60,438.30,294.30,248.30,278.60,"811,572,216.65","629,980,984.99","302,723,515.89","391,419,645.00"
2014,Septiembre,21.32,21.13,252.70,310.20,254.10,320.50,287.40,312.30,325.70,69.40,194.70,438.30,295.30,248.90,278.90,"781,544,222.22","637,800,648.59","281,092,498.17","389,131,711.22"
2014,Octubre,21.44,21.13,254.20,312.30,254.70,321.00,288.30,312.50,325.70,69.50,194.90,438.30,296.50,249.50,279.70,"789,716,019.53","641,240,202.39","301,221,413.72","411,398,236.10"
2014,Noviembre,21.51,21.13,258.20,316.30,255.20,320.50,289.30,313.90,320.50,69.60,195.60,438.30,296.90,250.00,280.70,"757,947,646.52","566,229,060.30","267,746,386.35","386,450,558.01"
2014,Diciembre,21.63,21.13,255.10,317.50,255.80,322.90,290.10,314.10,315.20,69.80,196.10,438.30,298.70,250.40,280.00,"767,967,202.88","563,441,961.17","359,104,857.98","373,577,142.64"
2015,Enero,21.76,22.10,253.80,320.50,258.30,321.60,290.90,315.70,306.20,69.90,196.50,438.30,299.10,251.10,278.90,"732,430,983.64","710,333,304.00","326,913,000.24","371,891,864.89"
2015,Febrero,21.93,22.10,255.10,323.80,259.80,320.70,292.30,319.00,307.40,70.10,198.10,474.70,299.60,252.40,280.70,"800,369,005.96","587,351,673.23","380,644,332.02","472,003,945.61"
2015,Marzo,21.99,22.10,256.50,326.50,260.90,323.70,294.30,320.10,312.80,70.20,199.00,474.70,300.10,253.00,282.60,"877,410,059.13","764,054,630.00","441,789,372.07","486,677,518.08"
2015,Abril,22.09,22.10,256.20,328.10,262.20,324.40,296.10,323.60,313.90,70.30,199.60,474.70,301.30,254.50,283.30,"793,381,194.83","637,725,641.34","400,969,064.84","521,020,422.87"
2015,Mayo,22.09,22.10,256.90,328.50,262.60,325.90,297.50,325.10,318.00,70.40,200.20,474.70,303.00,255.50,284.50,"841,224,007.41","754,103,474.38","369,043,562.00","411,130,654.75"
2015,Junio,22.08,22.10,258.20,329.30,263.80,328.20,298.30,326.00,321.70,70.40,200.50,474.70,305.40,256.30,286.10,"790,832,736.34","693,896,107.16","374,862,381.13","408,016,774.85"
2015,Julio,22.07,22.10,260.00,330.80,264.30,328.10,299.10,326.60,323.30,70.40,201.00,474.70,305.90,257.90,287.10,"834,302,237.43","709,330,968.13","308,486,347.62","382,868,303.11"
2015,Agosto,22.13,22.10,260.10,335.60,265.50,328.00,299.70,328.10,320.30,70.50,201.50,474.70,306.90,258.70,287.20,"713,778,668.10","670,796,290.90","260,689,678.84","338,468,040.80"
2015,Septiembre,22.10,22.10,260.10,337.00,266.40,326.00,300.50,328.40,314.80,70.40,201.80,474.70,307.80,259.20,286.60,"752,558,433.10","822,788,073.68","232,497,299.88","326,318,592.38"
2015,Octubre,22.19,22.10,260.50,337.20,267.20,326.10,301.10,329.40,312.80,70.50,202.10,474.70,308.50,260.10,286.80,"767,999,358.29","726,770,159.46","256,491,884.20","337,311,292.76"
2015,Noviembre,22.30,22.10,258.30,339.10,268.30,326.30,301.90,330.60,312.40,70.60,202.30,474.70,311.50,260.60,286.60,"742,708,289.22","616,315,148.13","257,350,276.35","342,804,946.04"
2015,Diciembre,22.45,22.10,257.50,339.10,269.10,326.60,302.50,332.10,311.70,70.70,202.40,474.70,313.10,260.80,286.60,"777,292,388.22","673,250,194.08","311,589,836.58","315,093,400.42"
2016,Enero,22.61,22.99,259.70,345.60,270.30,325.20,303.40,334.40,311.50,70.90,202.70,474.70,314.40,262.00,287.50,"647,269,487.19","683,935,187.79","324,287,697.48","416,633,723.71"
2016,Febrero,22.75,22.99,260.30,347.60,272.10,325.40,304.80,336.50,310.90,71.00,204.20,505.50,315.00,262.80,288.90,"662,115,840.14","506,220,563.52","354,840,693.71","413,615,586.62"
2016,Marzo,22.78,22.99,260.40,348.80,272.60,325.90,305.50,337.60,312.70,71.00,205.10,505.50,317.60,263.60,289.60,"719,776,096.22","830,534,432.25","353,662,466.40","502,747,191.99"
2016,Abril,22.75,22.99,259.10,350.80,273.40,326.90,306.50,340.00,316.80,71.20,206.40,505.50,318.30,265.30,290.20,"734,359,700.79","788,072,269.85","386,958,499.43","529,480,506.46"
2016,Mayo,22.77,22.99,260.20,351.60,274.30,327.80,307.50,340.50,319.70,71.30,206.90,505.50,318.60,266.20,291.20,"731,466,124.54","749,674,260.68","366,802,698.76","472,909,428.99"
2016,Junio,22.90,22.99,261.30,353.60,274.70,333.00,308.00,342.70,323.20,71.50,207.10,505.50,319.50,267.10,293.10,"759,274,686.32","756,481,697.58","360,416,875.70","387,377,221.66"
2016,Julio,23.00,22.99,261.80,354.60,276.10,334.80,308.80,343.10,323.50,71.60,207.50,505.50,319.80,268.70,294.00,"738,755,517.72","724,567,283.35","292,040,332.09","253,094,368.29"
2016,Agosto,23.05,22.99,261.80,354.80,276.30,335.30,309.40,343.70,322.10,71.60,208.00,505.50,324.70,269.60,294.40,"797,759,636.58","703,041,610.56","317,331,418.46","315,175,171.69"
2016,Septiembre,23.13,22.99,261.00,355.10,276.50,336.50,309.90,343.80,325.90,71.70,208.20,505.50,324.80,270.10,294.90,"800,689,904.47","846,810,253.90","248,957,135.99","367,951,840.07"
2016,Octubre,23.24,22.99,259.40,355.40,276.90,337.40,310.40,344.40,328.70,71.80,208.60,505.50,324.90,270.70,294.90,"741,395,589.71","691,151,116.51","261,915,147.46","324,943,472.43"
2016,Noviembre,23.34,22.99,259.10,355.90,278.50,338.50,310.80,345.10,329.80,71.90,208.80,505.50,325.10,271.40,295.30,"798,197,735.90","753,081,655.53","308,609,851.95","335,900,700.36"
2016,Diciembre,23.62,22.99,259.00,357.40,279.40,340.90,311.70,345.60,330.90,72.10,209.30,505.50,326.30,271.80,296.10,"781,690,472.27","685,121,253.23","331,322,525.58","376,342,391.54"
2017,Enero,23.75,23.65,258.50,364.70,282.80,342.30,313.30,346.70,337.10,72.20,210.40,505.50,327.20,273.60,297.40,"708,231,537.87","601,932,099.79","392,603,437.35","437,775,716.65"
2017,Febrero,23.73,23.65,261.40,367.80,283.60,343.30,315.60,348.90,337.40,72.20,211.90,536.80,331.40,275.50,300.00,"742,206,471.60","760,409,610.35","422,264,276.08","464,010,021.04"
2017,Marzo,23.70,23.65,262.40,370.30,283.90,345.20,316.40,350.60,335.80,72.20,212.40,536.80,334.70,276.80,301.00,"813,243,794.39","789,672,272.60","431,298,972.26","453,873,445.11"
2017,Abril,23.63,23.65,263.10,371.30,284.20,348.30,317.40,351.00,335.40,72.20,212.50,536.80,336.30,278.80,302.10,"720,594,077.27","701,522,985.64","417,148,881.23","432,895,893.74"
2017,Mayo,23.63,23.65,263.10,371.60,284.70,350.10,319.30,352.40,336.70,73.00,212.80,536.80,337.70,280.80,303.00,"846,282,595.19","867,400,320.23","463,615,678.04","370,926,402.49"
2017,Junio,23.61,23.65,264.30,372.40,285.20,350.90,320.20,353.60,336.40,73.70,213.10,536.80,338.00,282.80,303.80,"843,175,900.41","794,039,121.23","420,963,271.90","334,289,408.64"
2017,Julio,23.60,23.65,265.40,375.30,286.10,351.90,320.90,354.90,335.20,74.30,213.90,536.80,338.60,285.70,304.70,"783,611,210.40","763,794,370.37","385,355,853.17","313,363,600.14"
2017,Agosto,23.54,23.65,265.70,377.00,286.40,353.80,321.80,355.90,337.90,74.20,215.00,536.80,339.80,286.70,305.70,"849,363,075.78","769,215,205.88","339,481,033.70","340,997,395.04"
2017,Septiembre,23.55,23.65,264.00,378.50,287.20,354.30,322.90,356.80,340.70,74.20,215.40,536.80,340.30,287.50,305.70,"870,468,778.53","887,660,144.45","313,509,944.91","379,989,734.87"
2017,Octubre,23.63,23.65,264.80,378.50,288.10,355.40,323.40,358.20,342.10,74.30,216.00,536.80,340.50,288.80,306.60,"824,246,545.95","616,841,303.55","289,430,165.58","356,473,798.61"
2017,Noviembre,23.73,23.65,267.60,379.00,289.10,355.90,324.40,359.00,343.70,74.40,217.20,536.80,340.50,290.20,308.10,"891,505,556.05","795,639,332.89","319,262,516.50","363,834,636.00"
2017,Diciembre,23.72,23.65,272.20,381.20,289.80,356.90,325.20,359.60,343.90,74.40,217.50,536.80,340.80,291.10,310.10,"790,055,012.27","710,285,000.88","347,367,659.59","400,676,379.38"
2018,Enero,23.76,24.07,272.2,382.7,291.4,358.2,326.5,362.2,345.0,74.5,218.5,536.8,342.1,292.8,311.00,"833,919,385.49","742,572,304.83","400,375,717.94","475,260,071.12"
2018,Febrero,23.73,24.07,273.0,386.5,292.5,359.1,327.9,364.1,346.2,74.6,221.5,575.4,343.9,293.4,313.00,"745,642,729.27","633,474,511.86","429,692,322.35","487,886,199.26"
2018,Marzo,23.78,24.07,273.4,387.2,293.6,360.9,329.5,367.3,347.6,74.7,222.5,575.4,344.8,295.8,314.10,"833,699,790.10","753,317,610.07","417,576,554.69","553,906,032.89"
2018,Abril,23.82,24.07,273.5,388.7,293.8,361.5,331.3,369.5,349.6,74.7,223.5,575.4,345.2,296.5,314.80,"891,705,310.64","794,768,475.10","393,884,855.47","426,719,368.63"
2018,Mayo,23.97,24.07,272.0,389.8,294.6,362.8,332.6,370.9,352.4,74.9,223.7,575.4,345.3,297.3,315.07,"973,885,382.49","930,539,564.44","407,081,529.13","477,653,716.57"
2018,Junio,24.12,24.07,273.0,390.1,295.3,364.8,333.8,372.2,355.0,75.0,223.9,575.4,346.8,298.4,316.40,"914,580,383.17","862,808,944.61","378,127,176.54","406,982,057.88"
2018,Julio,24.15,24.07,274.0,390.7,296.2,366.4,335.4,373.5,354.8,75.1,224.7,575.4,349.0,300.6,317.60,"920,328,245.08","794,717,039.18","359,652,660.38","349,752,934.29"
2018,Agosto,24.17,24.07,273.8,391.0,298.6,367.1,337.0,374.6,362.9,75.5,225.5,575.4,350.1,302.0,319.00,"968,914,355.44","852,443,512.44","358,906,209.77","396,743,603.96"
2018,Septiembre,24.21,24.07,273.0,392.8,299.3,368.1,338.3,375.9,360.8,75.6,226.0,575.4,351.7,303.8,319.10,"900,696,931.09","747,795,027.69","285,648,262.72","308,583,812.97"
2018,Octubre,24.24,24.07,273.9,396.0,301.2,372.9,338.6,378.1,362.9,75.7,227.0,575.4,352.6,304.6,320.90,"874,728,534.59","803,848,452.43","294,386,534.91","446,865,183.06"
2018,Noviembre,24.39,24.07,276.3,399.4,303.3,374.7,340.4,379.8,363.3,75.8,227.7,575.4,354.3,305.2,322.60,"976,672,716.01","902,728,904.82","300,056,290.06","337,356,668.96"
2018,Diciembre,24.50,24.07,276.2,399.9,305.3,376.0,341.1,380.8,363.6,76.0,228.0,575.4,354.8,305.8,323.20,"889,645,128.01","861,849,117.70","307,960,994.19","338,023,692.70"
2019,Enero,24.51,24.68,275.30,403.50,306.20,378.60,341.60,382.00,358.50,76.00,228.70,575.40,355.20,307.20,323.30,"846,012,799.91","768,791,851.55","363,148,382.55","435,161,326.43"
2019,Febrero,24.55,24.68,276.50,406.50,307.00,380.10,343.70,386.30,362.30,76.10,230.60,612.00,355.70,308.90,325.80,"822,737,519.38","758,354,591.48","374,428,074.17","454,485,834.93"
2019,Marzo,24.59,24.68,276.80,408.20,309.00,382.10,346.20,387.50,364.10,76.10,231.90,612.00,357.80,309.90,327.10,"876,069,436.95","757,418,381.72","406,563,765.33","478,790,700.15"
2019,Abril,24.60,24.68,278.10,408.70,310.20,389.10,348.90,387.90,372.10,76.20,232.40,612.00,358.10,313.40,330.10,"861,217,207.99","853,143,100.45","386,564,802.55","538,489,815.57"
2019,Mayo,24.63,24.68,278.80,409.60,311.80,391.30,349.80,388.80,375.50,76.20,233.00,612.00,358.50,314.50,331.30,"907,371,828.48","902,248,573.99","414,653,138.33","494,474,591.00"
2019,Junio,24.68,24.68,280.50,410.70,312.20,391.90,350.60,390.30,368.50,76.30,233.60,612.00,358.70,315.40,331.60,"791,779,446.19","772,252,391.53","366,915,482.94","399,758,413.44"
2019,Julio,24.67,24.68,281.60,410.70,312.90,392.80,351.10,392.50,369.00,76.30,234.10,612.00,359.20,317.60,332.50,"887,421,965.61","790,428,376.09","357,779,016.90","439,423,721.99"
2019,Agosto,24.71,24.68,280.10,410.90,313.30,393.90,351.50,395.90,370.10,76.30,234.30,612.00,360.60,318.70,332.70,"883,024,581.22","951,294,667.19","327,376,523.61","478,385,333.86"
2019,Septiembre,24.78,24.68,280.00,412.80,313.60,395.40,352.40,398.90,369.00,76.40,234.60,612.00,362.00,319.40,333.20,"828,955,142.06","663,397,194.70","304,432,815.88","290,547,420.91"
2019,Octubre,24.81,24.68,280.90,413.20,314.00,394.80,352.90,402.20,371.60,76.70,235.20,612.00,362.70,320.20,334.00,"925,833,571.19","1,026,537,112.03","260,056,381.89","411,296,560.82"
2019,Noviembre,24.81,24.68,282.40,415.80,315.20,395.00,353.70,402.80,373.20,76.80,235.60,612.00,364.40,320.80,335.00,"852,369,438.92","680,579,281.38","300,462,524.25","332,284,717.35"
2019,Diciembre,24.82,24.68,284.50,418.20,316.10,395.40,354.70,406.40,375.50,76.80,236.00,612.00,365.20,321.20,336.40,"871,383,758.88","926,961,626.09","370,580,135.43","490,573,436.33"
2020,Enero,24.82,24.75,284.80,426.10,317.20,396.40,355.90,410.60,374.80,76.90,238.40,612.00,366.40,322.10,337.20,"867,787,464.77","905,027,554.23","412,040,490.26","400,417,143.36"
2020,Febrero,24.84,24.75,284.80,431.10,317.60,396.50,356.60,411.00,370.70,76.90,239.70,669.60,367.30,322.50,338.80,"794,409,595.53","787,339,876.67","401,273,639.59","493,741,245.42"
2020,Marzo,24.89,24.75,288.00,433.50,317.70,396.20,357.90,413.70,367.70,76.90,240.20,669.60,368.10,323.10,339.80,"721,577,713.79","820,149,829.56","405,056,545.65","522,903,055.08"
2020,Abril,24.98,24.75,296.10,433.50,317.70,394.70,359.50,418.10,352.30,77.00,240.60,669.60,368.30,323.70,341.10,"606,301,325.65","761,021,842.06","359,671,675.98","508,534,183.93"
2020,Mayo,25.00,24.75,293.80,435.30,317.70,386.40,360.50,419.90,350.80,77.00,240.60,669.60,368.30,324.00,338.90,"583,347,451.78","772,988,661.67","361,459,166.56","350,616,950.78"
2020,Junio,24.95,24.75,295.50,435.30,318.00,387.30,361.60,423.90,356.60,77.00,240.90,669.60,368.60,324.60,340.40,"686,240,494.80","730,311,214.12","377,432,442.09","594,280,743.70"
2020,Julio,24.85,24.75,300.70,438.80,318.00,386.60,363.50,425.20,363.30,76.90,241.20,669.60,368.70,325.40,342.80,"687,226,901.45","670,053,808.24","331,452,367.26","400,023,082.44"
2020,Agosto,24.71,24.75,297.40,439.80,319.20,387.70,365.00,432.80,372.50,76.80,242.10,669.60,369.70,326.50,343.40,"738,869,077.94","913,123,263.14","309,467,658.95","503,368,277.37"
2020,Septiembre,24.65,24.75,292.90,440.10,319.70,389.30,369.20,434.50,387.70,76.80,242.90,669.60,371.60,327.70,344.50,"744,406,920.88","751,001,662.55","347,400,853.86","965,659,286.85"
2020,Octubre,24.57,24.75,290.22,440.31,322.34,391.62,377.13,444.91,393.27,76.75,244.72,669.60,374.08,328.83,346.24,"848,147,491.21","972,985,899.93","340,713,262.05","435,381,620.60"
2020,Noviembre,24.46,24.75,292.60,440.30,323.00,393.10,379.00,449.80,392.60,76.60,246.20,669.60,374.60,329.70,347.80,"749,303,313.02","727,001,802.87","272,069,234.21","351,814,697.93"
2020,Diciembre,24.32,24.75,295.90,440.60,325.50,393.70,380.60,450.90,399.70,76.50,246.90,669.60,375.90,330.10,349.90,"930,101,625.80","905,110,223.13","340,820,048.46","310,261,967.03"
2021,Enero,24.27,24.18,295.30,440.90,327.10,398.10,383.20,451.70,402.00,76.50,248.50,669.60,377.30,332.60,351.30,"827,905,165.75","755,312,814.98","353,560,114.95","415,868,580.50"
2021,Febrero,24.24,24.18,296.40,443.60,327.50,399.50,385.10,458.60,389.90,76.50,249.80,684.70,377.70,333.90,351.90,"929,453,109.85","905,573,041.05","402,235,365.73","399,950,298.19"
2021,Marzo,24.20,24.18,297.50,446.10,328.50,400.90,387.50,462.00,392.80,76.40,250.80,684.70,378.40,334.20,353.20,"1,077,491,993.07","959,554,730.19","470,514,807.23","504,040,478.46"
2021,Abril,24.18,24.18,298.10,447.20,329.70,401.80,389.50,463.00,398.50,76.40,252.10,684.70,379.30,334.80,354.60,"1,001,865,729.10","839,937,562.84","455,346,954.94","529,335,211.47"
2021,Mayo,24.17,24.18,298.10,447.40,330.10,402.90,390.80,464.30,401.70,76.50,252.90,684.70,379.90,335.10,355.30,"1,144,818,566.80","1,124,688,828.64","484,330,677.52","447,669,972.47"
2021,Junio,24.13,24.18,298.40,447.40,330.30,403.90,392.90,465.30,403.50,76.50,253.80,684.70,383.90,335.50,356.30,"1,150,436,567.60","1,010,855,259.43","469,980,888.56","478,604,975.93"
2021,Julio,23.93,24.18,299.30,447.60,333.60,404.70,394.90,466.00,402.20,76.40,255.80,684.70,385.70,336.70,357.40,"1,122,553,181.61","1,044,157,342.74","474,715,263.29","426,882,723.37"
2021,Agosto,23.93,24.18,300.40,447.90,338.40,405.70,399.30,466.40,401.20,76.40,260.60,684.70,386.60,337.40,358.80,"1,207,310,121.84","1,022,835,610.59","424,945,770.41","362,872,726.69"
2021,Septiembre,24.23,24.18,301.90,449.00,341.60,407.10,401.80,467.90,402.10,76.70,262.90,684.70,387.90,338.60,360.40,"1,199,065,986.46","922,779,706.10","418,591,852.87","494,054,009.18"
2021,Octubre,24.26,24.18,304.10,450.00,343.10,408.70,405.20,468.90,406.20,76.80,265.80,684.70,388.00,339.60,362.30,"1,227,957,664.27","943,640,923.88","379,484,845.90","336,318,134.07"
2021,Noviembre,24.28,24.18,309.30,452.00,345.00,410.40,408.90,469.50,406.50,76.90,267.10,684.70,390.10,340.70,365.00,"1,318,905,513.99","1,019,841,368.07","389,619,766.52","518,898,612.97"
2021,Diciembre,24.41,24.18,315.90,452.80,346.40,411.00,411.80,471.90,411.40,77.10,268.10,684.70,392.80,343.10,368.50,"1,264,460,244.90","1,089,334,894.37","457,237,304.55","324,171,086.77"
2022,Enero,24.60,24.64,317.50,457.20,349.20,430.30,414.90,473.40,404.80,77.30,269.20,684.70,397.30,346.80,373.00,"1,169,765,151.62","837,938,404.63","482,488,378.48","553,458,251.47"
2022,Febrero,24.66,24.64,320.30,459.10,350.00,413.10,424.70,477.00,409.20,77.40,272.60,744.20,402.20,348.90,374.30,"1,178,818,582.73","888,312,700.91","494,171,739.01","634,032,994.46"
2022,Marzo,24.55,24.64,324.40,471.80,353.20,415.70,430.00,480.70,413.50,77.30,277.60,744.20,404.50,350.90,377.80,"1,510,885,097.26","1,194,211,684.03","662,177,737.58","413,544,360.44"
2022,Abril,24.51,24.64,329.20,473.50,354.80,420.30,434.50,481.40,445.90,77.30,278.90,744.20,409.60,353.30,384.20,"1,268,608,555.69","886,341,828.59","572,036,933.61","554,626,140.53"
2022,Mayo,24.55,24.64,335.50,474.60,356.30,422.70,437.80,482.90,449.80,77.30,280.40,744.20,411.70,355.40,387.60,"1,431,502,201.40","928,224,229.35","589,956,116.19","651,326,077.45"
2022,Junio,24.56,24.64,342.30,477.10,358.70,423.30,440.70,483.90,466.60,77.30,281.00,744.20,420.10,358.10,392.70,"1,565,779,064.39","1,128,161,746.73","639,081,597.53","777,850,449.62"
2022,Julio,24.60,24.64,348.70,478.40,360.30,425.00,442.80,485.10,469.40,77.30,283.90,744.20,423.50,363.80,396.20,"1,271,980,392.41","853,949,190.83","508,013,721.62","677,175,035.36"
2022,Agosto,24.58,24.64,351.20,483.10,361.50,424.40,444.60,486.40,452.70,77.30,284.70,744.20,425.00,366.70,396.10,"1,470,548,308.89","892,508,122.50","507,072,753.94","752,595,132.43"
2022,Septiembre,24.71,24.64,350.90,484.70,364.10,426.00,447.00,487.50,445.90,77.40,288.10,744.20,427.50,368.10,396.60,"1,447,080,702.66","1,161,202,901.84","466,008,658.81","539,576,707.12"
2022,Octubre,24.80,24.64,355.50,486.70,365.20,427.40,448.60,489.80,448.60,77.50,289.80,744.20,429.20,371.90,399.20,"1,322,943,117.30","877,203,284.20","398,286,490.43","563,991,379.50"
2022,Noviembre,24.79,24.64,362.70,487.60,366.30,429.00,450.30,492.80,455.30,77.50,290.40,744.20,432.60,374.10,403.10,"1,344,688,884.03","873,816,861.81","426,485,585.25","320,975,096.30"
2022,Diciembre,24.73,24.64,365.70,488.40,367.60,428.90,451.60,495.20,451.70,77.50,291.90,744.20,437.80,376.20,404.60,"1,331,036,675.14","1,043,447,603.51","370,422,699.69","427,191,708.33"
2023,Enero,24.71,24.72,368.80,490.50,370.10,427.60,454.30,502.60,447.70,77.50,293.20,744.20,443.70,378.20,406.30,"1,283,963,929.83","961,159,061.43","501,846,032.31","666,157,459.88"
2023,Febrero,24.68,24.72,374.40,496.30,371.20,429.50,457.00,503.60,451.40,77.50,296.00,804.10,446.40,380.70,411.00,"1,190,914,808.62","922,716,365.94","515,509,696.24","608,951,993.30"
2023,Marzo,24.70,24.72,375.50,502.70,372.90,430.40,458.70,506.70,448.30,77.50,297.30,804.10,447.80,383.10,412.00,"1,361,309,152.95","910,597,006.53","583,284,036.08","866,889,630.10"
2023,Abril,24.69,24.72,375.50,507.30,374.10,429.80,459.70,509.00,451.70,77.50,298.30,804.10,448.90,388.00,412.80,"1,245,465,869.57","1,034,963,047.99","596,092,507.55","643,847,498.74"
2023,Mayo,24.68,24.72,374.70,507.50,374.90,430.80,460.40,511.50,450.30,77.50,299.60,804.10,449.70,389.90,413.10,"1,419,336,313.93","1,145,220,439.88","643,526,236.79","785,571,756.22"
2023,Junio,24.72,24.72,376.90,511.50,376.40,433.10,462.10,512.70,448.00,77.50,299.90,804.10,451.80,392.10,414.70,"1,321,511,431.59","1,103,947,917.79","550,336,568.57","650,827,928.45"
2023,Julio,24.71,24.72,379.60,512.30,378.50,433.20,463.80,515.70,450.00,77.50,302.70,804.10,454.80,393.80,416.60,"1,393,427,466.86","1,135,745,506.64","478,579,016.72","724,360,012.30"
2023,Agosto,24.71,24.72,380.20,513.10,379.40,435.10,464.90,522.70,459.60,77.50,303.00,804.10,457.90,394.90,418.70,"1,453,908,650.95","1,200,471,106.36","542,990,268.18","639,091,734.36"
2023,Septiembre,24.75,24.72,382.40,514.60,380.70,437.90,466.70,524.30,464.00,77.50,304.90,804.10,461.60,395.30,420.90,"1,344,574,430.75","924,032,867.45","387,979,915.49","567,675,313.88"
2023,Octubre,24.78,24.72,385.00,516.50,382.00,438.90,467.90,527.20,464.30,77.50,305.70,804.10,464.00,395.50,422.50,"1,307,568,437.25","878,845,139.81","373,655,091.24","715,079,354.88"
2023,Noviembre,24.80,24.72,387.60,516.60,383.00,440.50,469.60,527.70,458.20,77.60,305.80,804.10,465.30,396.30,423.40,"1,471,844,217.58","1,139,879,576.43","391,441,443.76","559,465,054.21"
2023,Diciembre,24.77,24.72,391.80,516.80,384.40,440.90,470.50,530.60,459.50,77.70,306.80,804.10,468.20,397.10,425.60,"1,246,356,016.65","959,258,615.71","385,724,957.05","676,473,370.51"
2024,Enero,24.77,24.92,391.30,518.30,386.70,442.70,472.50,533.40,458.40,77.70,308.60,804.10,471.00,401.60,426.60,"1,280,356,486.62","1,005,361,878.82","452,991,724.09","682,958,732.41"
2024,Febrero,24.79,24.92,390.90,521.20,388.60,444.40,474.00,535.90,455.00,78.00,310.80,885.40,474.80,403.30,429.50,"1,214,070,898.69","1,007,468,797.57","526,808,183.27","658,340,715.70"
2024,Marzo,24.80,24.92,392.70,524.10,389.90,446.30,475.90,536.20,462.60,78.00,312.50,885.40,477.00,404.80,431.60,"1,285,114,216.58","1,077,373,715.59","496,099,539.53","678,408,266.34"
2024,Abril,24.79,24.92,393.10,529.50,390.90,448.30,478.00,538.70,462.10,78.10,313.20,885.40,478.20,408.30,432.80,"1,480,451,631.27","1,201,507,346.14","562,063,096.28","674,425,189.03"
2024,Mayo,24.82,24.92,391.60,530.30,392.30,450.40,480.20,540.90,462.70,78.10,313.90,885.40,481.50,410.30,433.50,"1,453,518,406.01","1,182,096,763.18","601,537,037.83","500,988,290.37"
2024,Junio,24.83,24.92,393.20,531.00,394.60,453.50,483.00,543.20,459.80,78.20,314.10,885.40,482.90,411.10,434.90,"1,299,384,044.36","1,098,021,742.78","469,159,405.79","435,093,573.33"
2024,Julio,24.87,24.92,398.90,533.00,395.90,454.70,484.50,543.50,463.40,78.20,315.30,885.40,484.20,411.30,437.70,"1,433,544,965.38","1,126,869,214.41","474,814,343.63","359,880,203.55"
2024,Agosto,24.88,24.92,402.90,537.50,396.50,456.90,486.70,544.50,460.30,78.20,315.80,885.40,486.60,412.10,439.60,"1,395,154,478.89","1,108,842,725.94","430,098,202.83","356,187,445.83"
2024,Septiembre,24.91,24.92,399.30,538.30,397.30,458.40,488.30,558.30,461.60,78.30,316.20,885.40,489.00,412.40,439.80,"1,369,180,166.89","1,059,065,428.12","466,325,388.27","501,057,472.75"
2024,Octubre,25.02,24.92,395.40,538.30,397.80,460.20,489.50,561.70,464.70,78.40,317.00,885.40,492.00,412.80,439.60,"1,351,391,753.20","1,137,444,740.55","410,986,733.27","446,648,275.11"
2024,Noviembre,25.20,24.92,395.30,540.50,398.40,461.50,490.20,562.10,464.20,78.50,317.40,885.40,493.90,413.50,440.10,"1,409,053,830.31","1,072,925,295.25","376,451,470.22","306,785,591.49"
2024,Diciembre,25.42,24.92,397.60,543.50,399.20,462.70,491.00,564.70,468.30,78.70,317.60,885.40,495.00,418.10,442.10,,,,
2025,Enero,25.58,25.58,400.80,544.70,400.40,462.80,495.50,565.40,472.50,78.90,318.90,885.40,500.60,425.00,444.80,,,,